run_folder,run_id,algorithm,var_nm3,var_nm10,var_nm4,var_wnm2,var_wpm5,var_lpm5,var_wnm0,var_lpm0,var_capv,obj_Gain,obj_PM,pass_fail,is_real
nsga2_20260905_161011,20260905_161011,nsga2,10.724610869304877,19.05881023019277,3.739032641673041,4.7447877522721014e-05,3.13895957654454e-05,4.521601265239469e-06,8.282194860389804e-05,4.387391795507032e-06,5.946343189057535e-12,40.14,105.6,FAIL,1
nsga2_20260905_161011,20260905_161011,nsga2,1.523623151618299,15.316749064821325,11.224722951166287,1.668766631000488e-05,7.890634173181191e-05,3.3803508782706268e-06,4.5513739581220955e-05,1.7733961238480651e-06,4.628016878024163e-12,51.72,96.93,FAIL,1
nsga2_20260905_161011,20260905_161011,nsga2,4.865649572846843,5.983953468395141,15.256928779970998,1.4236315271906184e-05,4.867354015083401e-05,9.817003398111766e-06,9.617722220827954e-05,7.385504437348569e-06,5.871041699926908e-12,58.72,110.9,FAIL,1
nsga2_20260905_161011,20260905_161011,nsga2,6.260932876862046,4.05238816672741,19.42858285110652,2.594860870172957e-05,1.18518015633358e-05,6.423152677606254e-06,7.77353064999271e-05,6.323531360003884e-06,9.255679343118123e-12,70.3,104.3,FAIL,1
nsga2_20260905_161011,20260905_161011,nsga2,1.7522646566198543,11.04319600194041,9.727381774822671,3.398774083748817e-06,6.424041846319568e-05,8.600011965566239e-06,5.9416219504997114e-05,2.97092575350362e-06,8.558933689282679e-12,39.06000000000001,92.21,FAIL,1
nsga2_20260905_161011,20260905_161011,nsga2,10.680421748908678,10.706888804864127,15.30757394634138,7.65172517851234e-06,8.20167838961919e-05,6.9912256070309424e-06,7.877356507301365e-05,2.3203544606912846e-06,8.22127745021077e-12,43.22,106.2,FAIL,1
nsga2_20260905_161011,20260905_161011,nsga2,4.635154595086805,2.5494997299067417,17.249312511454335,4.3105789760030114e-05,8.769074851273307e-05,4.983142333908507e-06,2.7622624344787713e-05,5.673723717300796e-07,6.81148806017453e-12,nan,nan,FAIL,1
nsga2_20260905_161011,20260905_161011,nsga2,14.678278286665169,16.875815113505208,6.355678719926301,1.0996342907999787e-05,6.40413385926388e-05,8.148020914877591e-06,9.637798602264358e-05,1.929985889001186e-06,5.339911493794028e-12,67.48,59.29,FAIL,1
nsga2_20260905_161011,20260905_161011,nsga2,17.999601381727295,9.031621231963308,12.200539179596914,1.517186671420151e-06,6.7443950749148e-05,9.231341886521313e-06,8.273448535680508e-05,8.912442533744494e-06,6.94319842468471e-12,44.25,98.12,FAIL,1
nsga2_20260905_161011,20260905_161011,nsga2,5.665493077620374,15.601822979028833,5.0218201095427,4.161435928282372e-05,6.552976880305594e-06,8.34213422723878e-06,1.67013744674679e-05,4.0638964667180974e-06,3.850643499012678e-12,29.37999999999999,93.64,FAIL,1
nsga2_20260905_161011,20260905_161011,nsga2,14.135403670277084,4.392865685313066,8.528867082122742,5.89482376866653e-07,2.647072286118512e-05,4.501293735175075e-06,1.0860347299720249e-05,6.515019487347298e-06,4.423818428978791e-12,45.15,116.2,FAIL,1
nsga2_20260905_161011,20260905_161011,nsga2,14.780584823448539,13.423454210299493,9.193308226770718,4.340582913041729e-05,6.332387121476665e-05,8.19760634500984e-06,3.4376933976829264e-05,5.664858251850328e-06,2.766671966032781e-12,30.89,96.83,FAIL,1
nsga2_20260905_161011,20260905_161011,nsga2,19.92668261225393,5.6210938218202156,5.880481877314952,3.937546597831008e-06,2.6002970963974637e-05,7.749721059168504e-06,6.98799889971032e-05,1.7223955170131097e-06,4.386146512852848e-12,38.88,122.19999999999999,FAIL,1
nsga2_20260905_161011,20260905_161011,nsga2,8.997506497731795,13.634700680877254,9.662650297831227,2.9449960843228907e-05,8.401655497981154e-05,7.401499297967519e-06,3.6691224171803324e-05,4.7597649387726e-06,4.309296127210059e-12,47.88,115.4,FAIL,1
nsga2_20260905_161011,20260905_161011,nsga2,3.084958616127238,4.861589337660535,6.39232328993849,1.5912454611434417e-05,3.151087152434779e-05,5.978647304403044e-06,9.717749056928953e-05,7.859309281775453e-06,8.120205533555246e-12,74.45,102.8,FAIL,1
nsga2_20260905_161011,20260905_161011,nsga2,15.42610151025202,12.342766879951371,18.436152886247342,3.457461872571992e-05,5.018553614446604e-05,1.2322961807551182e-06,4.8998387940426725e-05,2.521894455733176e-06,2.194266677921085e-12,73.25,33.76,FAIL,1
nsga2_20260905_161011,20260905_161011,nsga2,10.615233528058086,15.916620559342222,6.60512241330487,3.850795646748557e-05,5.270526345927673e-05,1.9159562220217693e-06,9.650728407477964e-05,4.315544126940916e-06,3.657108300964262e-12,57.32,125.6,FAIL,1
nsga2_20260905_161011,20260905_161011,nsga2,17.092969042040863,3.3647463177941166,14.938218760400364,9.634889705503775e-06,3.943143006845447e-05,2.7030488453903147e-06,8.417043087143097e-05,4.2057082434286865e-06,9.772235315940603e-12,63.14,57.74,FAIL,1
nsga2_20260905_161011,20260905_161011,nsga2,12.879968203887028,14.17883385935539,10.908977320515934,1.5655719494056878e-05,3.9736975178927146e-05,9.438874782788066e-06,2.0359959112249046e-05,9.888079561592016e-06,7.824752758034365e-12,33.64,95.4,FAIL,1
nsga2_20260905_161011,20260905_161011,nsga2,7.835951603359595,13.188758200606463,8.238649246568663,1.9260198752204024e-05,5.0529154134394596e-05,6.588668055360824e-07,4.95090845263566e-05,9.730184927745436e-06,3.5691870590702062e-12,42.29999999999999,127.9,FAIL,1
nsga2_20260905_161011,20260905_161011,nsga2,15.216141222455631,9.412988911339406,4.976339809737924,4.527862776966103e-05,1.9776802826172354e-06,3.3833348026953515e-06,9.990288046769656e-05,2.9903945638049e-06,8.641400696733447e-12,71.31,106.0,FAIL,1
nsga2_20260905_161011,20260905_161011,nsga2,12.507979824458381,16.31467844301535,12.976037353426086,1.8326033795775064e-05,7.61506418229732e-05,7.516032145877373e-07,4.4847251287924855e-05,4.0326184137660065e-06,5.293666050736145e-12,74.69,13.840000000000003,FAIL,1
nsga2_20260905_161011,20260905_161011,nsga2,3.4247930434253226,5.227630452979176,11.678980211894478,1.957212504810091e-05,7.922812369735694e-05,6.248797598136387e-06,8.616828847326331e-05,7.457427954593243e-06,6.416411029827084e-12,65.72,127.7,FAIL,1
nsga2_20260905_161011,20260905_161011,nsga2,6.464696441723918,15.872448890597202,5.774083985250554,4.037992257175899e-06,9.62975984707898e-05,5.630106448416457e-06,7.745726146571618e-05,5.527616672488421e-06,6.5042175733463926e-12,59.14,100.4,FAIL,1
nsga2_20260905_161011,20260905_161011,nsga2,1.6439527598136185,4.549079907722362,13.819098513260771,2.865706051823916e-05,1.6107936888475254e-05,9.544278052898755e-06,1.568905716497621e-05,5.34788087251751e-06,2.296025875173319e-12,83.07,111.7,FAIL,1
nsga2_20260905_161011,20260905_161011,nsga2,14.630062796018459,6.249947267807902,3.548545527313882,2.5855628793246283e-06,1.7731103128393077e-05,2.3220878088738805e-06,5.3836116333307724e-05,4.784869418628216e-06,9.615649305281835e-12,78.45,43.03,FAIL,1
nsga2_20260905_161011,20260905_161011,nsga2,19.128875400466207,16.134376098900177,13.760165045633363,4.2297647650946814e-05,9.389355729944448e-05,7.148684244265262e-07,1.2075091146940612e-05,3.922506904494609e-06,1.8422816773833976e-12,20.989999999999995,105.7,FAIL,1
nsga2_20260905_161011,20260905_161011,nsga2,12.390964988012266,5.946920224614064,6.022454853514184,1.4629901035798919e-05,1.0042251061163688e-05,7.538972305762509e-06,6.517204123108511e-05,6.261826861091993e-06,1.306410240499979e-12,72.58,112.4,FAIL,1
nsga2_20260905_161011,20260905_161011,nsga2,9.159818748138672,14.018868208097011,3.9705863481681414,1.9467194879480275e-05,2.2774643033527083e-06,1.2776509722337996e-06,2.1880421925905673e-05,4.439176530841862e-06,5.1691603265864185e-12,26.909999999999997,97.11,FAIL,1
nsga2_20260905_161011,20260905_161011,nsga2,17.805909100744145,7.0165104013062525,1.407813649266636,4.1363300334526905e-05,6.466139456745205e-06,1.3834239302911692e-06,9.632921715895157e-05,7.656971472219405e-06,4.040687825013295e-12,9.527000000000001,111.2,FAIL,1
nsga2_20260905_161011,20260905_161011,nsga2,3.511397990764718,8.347880890265369,7.444702962823298,4.3759727711690914e-05,4.204967582620979e-05,1.2794275571484094e-06,9.270247867515104e-05,6.411976955294971e-06,2.05038871102902e-12,84.88,55.18,FAIL,1
nsga2_20260905_161011,20260905_161011,nsga2,3.1503090408820245,9.85273158212102,2.7496903480932073,3.169808395247709e-05,6.175346397216255e-05,8.047728118724603e-07,8.080005126981706e-05,7.974550228925235e-06,9.237774417537775e-12,69.9,78.69,FAIL,1
nsga2_20260905_161011,20260905_161011,nsga2,13.735826288031063,14.164382414369243,4.11109143461019,1.4872740547469419e-06,6.8366462961164655e-06,9.662382731523395e-06,6.467842014629546e-05,9.495613331687368e-06,4.14445922984886e-12,45.57,88.93,FAIL,1
nsga2_20260905_161011,20260905_161011,nsga2,15.349209956566865,2.242580341871669,4.157898146266453,1.4073526743137901e-05,5.516672969456394e-05,5.7953843608636454e-06,5.004894929500938e-05,4.532404054004736e-06,6.1813464430518865e-12,40.18,139.3,FAIL,1
nsga2_20260905_161011,20260905_161011,nsga2,19.36658551236893,9.703511649236265,16.911957014169694,3.0768366620839983e-06,3.8743049545836744e-05,5.824716214602792e-06,6.214595939879723e-05,2.875174229354107e-06,4.593619121379357e-12,35.14999999999999,99.18,FAIL,1
nsga2_20260905_161011,20260905_161011,nsga2,18.993117205978113,13.328164326227032,12.114358719833598,3.545345912836094e-06,5.501972887021826e-06,2.5082852544046135e-06,1.4040930752108711e-05,9.845624328096232e-06,1.0247243284239772e-12,39.99000000000001,97.38,FAIL,1
nsga2_20260905_161011,20260905_161011,nsga2,7.951027054429825,2.1100265428522307,13.160200608035856,2.612700143120498e-06,7.120440663509713e-06,1.2594538032771295e-06,2.7396977590897088e-05,5.97540164596818e-06,8.249037558677683e-12,46.02,148.9,FAIL,1
nsga2_20260905_161011,20260905_161011,nsga2,6.076640105523955,6.380250074819862,16.6651607350868,3.737363449476323e-05,1.2943430411226264e-05,8.16031487971039e-06,8.317573553093752e-05,2.1893449438875055e-06,6.6425319871529815e-12,45.67,111.6,FAIL,1
nsga2_20260905_161011,20260905_161011,nsga2,4.738128814603521,5.626361528533568,10.386109351244198,2.625433538915518e-05,4.805964148519927e-05,5.640840006389982e-06,2.1552518239617608e-05,7.896513497215164e-06,3.5006357082574745e-12,45.99,102.2,FAIL,1
nsga2_20260905_161011,20260905_161011,nsga2,18.340982504663096,10.787950768202203,6.769997005947111,8.966879954662518e-06,4.867483505287821e-05,4.074824351437847e-06,6.242245093497669e-05,5.235366034918024e-06,1.3326372820062708e-12,58.78,124.5,FAIL,1
nsga2_20260905_161011,20260905_161011,nsga2,16.82880060736214,1.9818048432685238,16.724308113324998,4.069365727781378e-05,9.24211175911699e-05,6.811809890939561e-06,1.6314176320303447e-05,4.698329408813359e-06,4.9548939415342345e-12,30.439999999999998,106.7,FAIL,1
nsga2_20260905_161011,20260905_161011,nsga2,13.014326743156381,8.241613115676827,13.837883671413248,1.0434196790862533e-05,3.55290725812119e-05,5.661477407229867e-06,4.293680980608057e-05,1.6639936823055022e-06,9.692453086862538e-12,47.73,154.5,FAIL,1
nsga2_20260905_161011,20260905_161011,nsga2,14.134612640592957,16.827666478029492,7.7917541794937835,4.726132673540364e-05,8.130097592511839e-05,9.805309333084916e-06,1.9980206963263603e-05,5.033110027707054e-06,4.4726409466513244e-12,24.919999999999995,95.86,FAIL,1
nsga2_20260905_161011,20260905_161011,nsga2,12.664004916457703,5.754174939691243,2.9089735052630403,2.3987844365397055e-05,6.405535207100745e-05,4.148146475667443e-06,9.874770246881383e-05,4.356893335414533e-06,3.698339881940317e-12,44.84,135.0,FAIL,1
nsga2_20260905_161011,20260905_161011,nsga2,16.464058676890716,9.867106257623124,6.191118871284935,1.453860391623884e-05,9.473143218765056e-05,9.63649910751926e-06,6.47298185554258e-05,3.148295778410255e-06,7.402321393470864e-12,63.64,56.76,FAIL,1
nsga2_20260905_161011,20260905_161011,nsga2,5.118620156786067,7.119609060864782,11.292990834352544,2.023686480987792e-05,3.529707910466831e-05,9.754277080121635e-06,1.7269555595630982e-05,6.330896310019468e-06,1.346872505354646e-12,47.58,99.31,FAIL,1
nsga2_20260905_161011,20260905_161011,nsga2,2.742580005544184,4.989924095222767,19.84203772427483,3.6403304569621656e-05,8.684339813423112e-05,9.70095954048807e-07,6.823941372947148e-05,4.679396554642055e-06,4.747779536998144e-12,63.38,104.1,FAIL,1
nsga2_20260905_161011,20260905_161011,nsga2,14.456841090711462,6.85806006017603,10.755888642149468,1.3258018674638705e-05,3.9322985838063134e-05,5.566598664445146e-06,1.6040735981778436e-05,3.1237776580994337e-06,4.783653146993862e-12,41.38,123.1,FAIL,1
nsga2_20260905_161011,20260905_161011,nsga2,9.982211592034954,16.200075392209346,13.216052163484388,2.8255756306149228e-05,8.702577915192953e-05,2.3748142153792553e-06,1.0677078607250086e-05,4.240389526993486e-06,2.2347096000155036e-12,35.94,101.5,FAIL,1
nsga2_20260905_161011,20260905_161011,nsga2,11.563639723916463,11.899223309251811,3.500277445244113,3.5887883536410745e-05,5.578698649753344e-05,4.52022894556159e-06,9.177293279794101e-05,8.63116679664176e-06,2.988722473883803e-12,36.91,97.13,FAIL,1
nsga2_20260905_161011,20260905_161011,nsga2,1.304901747355717,15.316749064821325,11.224722951166287,1.4536841840351507e-05,7.890634173181191e-05,1.7341354267023705e-06,4.5513739581220955e-05,4.03848967889699e-06,4.628016878024163e-12,54.94,90.42,FAIL,1
nsga2_20260905_161011,20260905_161011,nsga2,12.504901884556261,16.31467844301535,12.976037353426086,1.8326033795775064e-05,7.61506418229732e-05,5.809879870227961e-07,4.4847251287924855e-05,4.0326184137660065e-06,5.950374461639559e-12,60.58,32.9,FAIL,1
nsga2_20260905_161011,20260905_161011,nsga2,2.742580005544184,4.921786096775984,19.831086890993074,3.732021062262444e-05,8.684339813423112e-05,8.64113629500293e-06,6.823941372947148e-05,4.875282581357228e-06,4.749439882141268e-12,62.77,123.6,FAIL,1
nsga2_20260905_161011,20260905_161011,nsga2,14.618766640120665,6.880362012918816,3.396760907580626,1.3258018674638705e-05,3.9322985838063134e-05,2.0051446665839637e-06,2.0426307714949432e-05,4.777730277412928e-06,9.5246065438958e-12,25.61,101.1,FAIL,1
nsga2_20260905_161011,20260905_161011,nsga2,13.014326743156381,7.961120022293121,13.837883671413248,1.0434196790862533e-05,3.55290725812119e-05,5.661477407229867e-06,4.293680980608057e-05,1.6639936823055022e-06,9.692453086862538e-12,47.73,154.5,FAIL,1
nsga2_20260905_161011,20260905_161011,nsga2,2.8975831892910158,4.874395199593994,6.022454853514184,1.4629901035798919e-05,1.1624727450025e-05,6.626276300806575e-06,6.232862364718e-05,6.261826861091993e-06,1.2934361365320985e-12,80.39,101.1,FAIL,1
nsga2_20260905_161011,20260905_161011,nsga2,3.9364097437718106,5.57801556205984,7.444702962823298,4.3759727711690914e-05,4.140326067980915e-05,1.2794275571484094e-06,9.270247867515104e-05,1.6594321338600982e-06,2.05038871102902e-12,77.47,42.06,FAIL,1
nsga2_20260905_161011,20260905_161011,nsga2,18.993117205978113,13.458252331516885,5.134185207495286,1.408119825919375e-05,5.501972887021826e-06,2.5082852544046135e-06,1.4040930752108711e-05,9.874420132448688e-06,1.0478133651372433e-12,14.930000000000007,101.2,FAIL,1
nsga2_20260905_161011,20260905_161011,nsga2,19.36658551236893,9.798682551148955,16.790866082249867,3.0768366620839983e-06,3.8743049545836744e-05,5.824716214602792e-06,6.214595939879723e-05,6.402699094596703e-06,9.531606524565308e-12,45.59,104.8,FAIL,1
nsga2_20260905_161011,20260905_161011,nsga2,3.159523783524614,5.952657660599554,10.386109351244198,3.153060352042543e-05,4.805964148519927e-05,5.640840006389982e-06,2.2557987881513142e-05,7.896513497215164e-06,3.5006357082574745e-12,54.53,106.4,FAIL,1
nsga2_20260905_161011,20260905_161011,nsga2,7.835951603359595,13.453649605265955,8.238649246568663,1.9260198752204024e-05,5.114566164058235e-05,7.193256514491896e-07,4.95090845263566e-05,9.523474505736408e-06,5.309446844345183e-12,42.01,130.1,FAIL,1
nsga2_20260905_161011,20260905_161011,nsga2,12.664004916457703,4.523720977202105,2.479780350652802,2.3792193332622527e-05,6.405535207100745e-05,4.148146475667443e-06,9.874770246881383e-05,5.338694351524534e-06,3.698339881940317e-12,37.71,110.7,FAIL,1
nsga2_20260905_161011,20260905_161011,nsga2,14.780584823448539,13.423454210299493,12.164818694769078,4.340582913041729e-05,3.5729307085137968e-06,7.992423355547392e-06,3.4376933976829264e-05,5.664858251850328e-06,2.766671966032781e-12,74.84,98.66,FAIL,1
nsga2_20260905_161011,20260905_161011,nsga2,3.4247930434253226,5.227630452979176,11.678980211894478,1.957212504810091e-05,9.765714217443535e-05,6.248797598136387e-06,8.616828847326331e-05,7.457427954593243e-06,6.416411029827084e-12,66.5,130.1,FAIL,1
nsga2_20260905_161011,20260905_161011,nsga2,4.865649572846843,5.983953468395141,15.256928779970998,1.4236315271906184e-05,4.867354015083401e-05,9.817003398111766e-06,9.304256382436179e-05,7.385504437348569e-06,5.871041699926908e-12,59.16,112.0,FAIL,1
nsga2_20260905_161011,20260905_161011,nsga2,10.650609524175497,15.913362557094224,5.774083985250554,4.037992257175899e-06,9.719050770375903e-05,5.630106448416457e-06,8.145520685309108e-05,4.342715004039365e-06,6.5042175733463926e-12,60.42,121.6,FAIL,1
nsga2_20260905_161011,20260905_161011,nsga2,14.456841090711462,5.992404296314539,11.699903793561717,1.3258018674638705e-05,3.9322985838063134e-05,5.059891294786207e-06,1.6040735981778436e-05,3.1237776580994337e-06,4.77739491701994e-12,42.7,131.5,FAIL,1
nsga2_20260905_161011,20260905_161011,nsga2,17.092969042040863,3.3647463177941166,14.938218760400364,9.634889705503775e-06,3.943143006845447e-05,2.7030488453903147e-06,8.417043087143097e-05,4.2057082434286865e-06,9.121985436200132e-12,63.14,57.73,FAIL,1
nsga2_20260905_161011,20260905_161011,nsga2,10.59785093196752,19.05881023019277,3.739032641673041,2.0421606026526345e-05,3.13895957654454e-05,1.6843467694654182e-06,8.282194860389804e-05,4.3000601548088205e-06,5.946343189057535e-12,49.56,141.0,FAIL,1
nsga2_20260905_161011,20260905_161011,nsga2,18.645795055766897,10.690026488767733,6.769997005947111,7.584253626901516e-06,4.563199324428326e-05,4.074824351437847e-06,6.242245093497669e-05,4.740508898988261e-06,1.3326372820062708e-12,65.82,66.48,FAIL,1
nsga2_20260905_161011,20260905_161011,nsga2,1.6016344105851528,4.549079907722362,13.819098513260771,3.045033650253758e-05,4.21534447581359e-05,9.612778767643399e-06,1.568905716497621e-05,5.34788087251751e-06,2.0537803740772865e-12,86.82,123.5,PASS,1
nsga2_20260905_161011,20260905_161011,nsga2,7.951027054429825,14.68493083948782,10.923358622076867,1.517837920298986e-05,7.120440663509713e-06,1.2594538032771295e-06,2.1106981513396018e-05,5.935100600667166e-06,8.249037558677683e-12,40.33,107.6,FAIL,1
nsga2_20260905_161011,20260905_161011,nsga2,17.169138303972883,9.888824265899775,4.9127122209275225,3.169808395247709e-05,6.175346397216255e-05,3.346928983991119e-06,8.080005126981706e-05,7.974550228925235e-06,8.569639330669674e-12,34.529999999999994,104.3,FAIL,1
nsga2_20260905_161011,20260905_161011,nsga2,10.945920087532079,15.916620559342222,6.60512241330487,3.9003759598884984e-05,5.270526345927673e-05,2.863619467180526e-06,9.650728407477964e-05,2.3497654783491663e-06,3.657108300964262e-12,81.3,34.83,FAIL,1
nsga2_20260905_161011,20260905_161011,nsga2,10.727688809206995,19.05881023019277,3.739032641673041,4.7447877522721014e-05,3.13895957654454e-05,4.521601265239469e-06,8.282194860389804e-05,4.387391795507032e-06,5.4750154178365416e-12,40.14,105.4,FAIL,1
nsga2_20260905_161011,20260905_161011,nsga2,6.076640105523955,6.346403374140522,16.664611013688454,3.645672844176044e-05,1.2943430411226264e-05,6.576933897022311e-07,8.317573553093752e-05,1.9934598966374735e-06,6.640871642009186e-12,48.7,121.1,FAIL,1
nsga2_20260905_161011,20260905_161011,nsga2,14.781784760271888,6.227645315065116,10.90773796303682,7.51159383951273e-06,1.7731103128393077e-05,5.8835538031279165e-06,4.945057253708893e-05,3.1309167993179304e-06,4.867673169995708e-12,55.83,113.9,FAIL,1
nsga2_20260905_161011,20260905_161011,nsga2,7.951027054429825,2.391140886025153,13.160200608035856,2.612700143120498e-06,7.120440663509713e-06,1.7663246718600778e-06,2.7396977590897088e-05,6.04153006276847e-06,8.249037558677683e-12,45.73,157.8,FAIL,1
nsga2_20260905_161011,20260905_161011,nsga2,12.579461305701203,5.934114362680604,6.39232328993849,1.5912454611434417e-05,2.992840443875962e-05,7.477212239896523e-06,9.800126521741242e-05,7.859309281775453e-06,8.171099860813714e-12,52.26,133.7,FAIL,1
nsga2_20260905_161011,20260905_161011,nsga2,19.233240095948975,9.868157195134323,5.880481877314952,3.937546597831008e-06,2.6649386110399545e-05,7.749721059168504e-06,6.98799889971032e-05,6.47512843097006e-06,4.386146512852848e-12,76.27,147.7,FAIL,1
nsga2_20260905_161011,20260905_161011,nsga2,15.349209956566865,2.12546763147731,11.138079820127427,3.5377537416710102e-06,6.312810601630077e-05,5.7953843608636454e-06,5.004894929500938e-05,4.777503029453151e-06,6.301348767735314e-12,56.5,75.34,FAIL,1
nsga2_20260905_161011,20260905_161011,nsga2,6.260932876862046,3.957219044111787,19.54884737650176,2.594860870172957e-05,1.18518015633358e-05,6.423152677606254e-06,7.77353064999271e-05,2.796006660382378e-06,4.306622789385077e-12,44.73,113.6,FAIL,1
nsga2_20260905_161011,20260905_161011,nsga2,4.72891407198009,9.526435450542369,2.7496903480932073,2.6421815821206838e-05,6.175346397216255e-05,8.047728118724603e-07,7.319062548499272e-05,7.974550228925235e-06,9.237774417537775e-12,49.43,141.3,FAIL,1
nsga2_20260905_161011,20260905_161011,nsga2,14.678278286665169,16.610923702462706,6.355678719926301,1.0996342907999787e-05,6.342483108645102e-05,8.215508266401508e-06,9.637798602264358e-05,2.0938136171622207e-06,3.599651708528304e-12,70.5,66.01,FAIL,1
nsga2_20260905_161011,20260905_161011,nsga2,1.6439527598136185,5.779533870211502,14.257077742122096,2.8852711551013688e-05,1.6107936888475254e-05,9.611284004346555e-06,2.221484409494897e-05,4.366079856407509e-06,2.296025875173319e-12,80.63,108.4,FAIL,1
nsga2_20260905_161011,20260905_161011,nsga2,18.993117205978113,13.328164326227032,9.14284825183523,3.545345912836094e-06,6.561348188401476e-05,2.7283682835084208e-06,1.4040930752108711e-05,9.845624328096232e-06,1.0247243284239772e-12,36.81,99.79,FAIL,1
nsga2_20260905_161011,20260905_161011,nsga2,5.665493077620374,15.601822979028833,5.0218201095427,4.161435928282372e-05,6.552976880305594e-06,8.34213422723878e-06,1.67013744674679e-05,4.0638964667180974e-06,3.959320853061295e-12,29.37999999999999,93.63,FAIL,1
nsga2_20260905_161011,20260905_161011,nsga2,15.349209956566865,2.242580341871669,4.157898146266453,1.4073526743137901e-05,5.516672969456394e-05,5.7953843608636454e-06,5.004894929500938e-05,4.783576064380252e-06,6.1813464430518865e-12,38.69,129.3,FAIL,1
nsga2_20260905_161011,20260905_161011,nsga2,14.135403670277084,4.392865685313066,8.528867082122742,3.509823358147138e-07,2.647072286118512e-05,4.501293735175075e-06,1.0860347299720249e-05,6.515019487347298e-06,4.423818428978791e-12,37.47,101.4,FAIL,1
nsga2_20260905_161011,20260905_161011,nsga2,4.656072213085964,13.50381230010581,6.60512241330487,3.498642274576935e-05,5.1632534900835915e-05,1.9159562220217693e-06,9.336992968588762e-05,5.500445795389974e-06,3.657108300964262e-12,90.47,42.27,FAIL,1
nsga2_20260905_161011,20260905_161011,nsga2,19.92668261225393,3.657953678177722,5.854016339494706,3.937546597831008e-06,2.6002970963974637e-05,8.256427681274334e-06,6.98799889971032e-05,1.7223955170131097e-06,4.3924047428267706e-12,38.7,138.7,FAIL,1
nsga2_20260905_161011,20260905_161011,nsga2,7.962711540696983,13.188758200606463,8.238649246568663,4.6257811768926047e-05,5.0529154134394596e-05,4.922392608849094e-06,4.95090845263566e-05,9.730184927745436e-06,3.5291680672229074e-12,38.65,95.58,FAIL,1
nsga2_20260905_161011,20260905_161011,nsga2,8.687212071907414,13.732624960311371,9.662650297831227,3.083286956447123e-05,6.967713099556686e-05,7.401499297967519e-06,3.6876782226622266e-05,5.231832107043255e-06,4.309296127210059e-12,45.82,109.2,FAIL,1
nsga2_20260905_161011,20260905_161011,nsga2,3.553737525780084,8.347880890265369,7.444702962823298,4.391851555067909e-05,1.6004169463473627e-05,1.1802013396374321e-06,9.270247867515104e-05,6.411976955294971e-06,2.2926342121250522e-12,84.89,86.08,FAIL,1
nsga2_20260905_161011,20260905_161011,nsga2,12.879968203887028,1.0102133330604142,13.145819306474921,3.0915122944756046e-06,3.9736975178927146e-05,9.438874782788066e-06,2.664995518975012e-05,9.890043203084182e-06,7.824752758034365e-12,78.77,59.55,FAIL,1
nsga2_20260905_161011,20260905_161011,nsga2,4.229949929147868,10.872796032592138,2.8133179458714017,4.527862776966103e-05,1.9776802826172354e-06,8.425020845879304e-07,9.990288046769656e-05,2.9903945638049e-06,9.309535782505747e-12,77.85,136.6,FAIL,1
nsga2_20260905_161011,20260905_161011,nsga2,7.91948516594881,13.16752412497952,3.9564666169911216,1.4104091453114181e-06,5.0529154134394596e-05,6.588668055360824e-07,4.9230490195337224e-05,9.732455988815072e-06,3.531407864311125e-12,63.02,70.28,FAIL,1
nsga2_20260905_161011,20260905_161011,nsga2,10.635483511599622,16.090688248490135,7.9110136860573625,4.726784671370845e-05,8.133921646092316e-05,4.647348193955924e-06,8.282194860389804e-05,5.018216840283895e-06,5.946343189057535e-12,49.49,129.8,FAIL,1
nsga2_20260905_161011,20260905_161011,nsga2,13.65229272476704,14.185616489996187,8.393274216177321,1.939214921893666e-05,6.8366462961164655e-06,9.662382731523395e-06,6.495701447731427e-05,9.493342270585354e-06,4.182238424607941e-12,77.31,100.2,FAIL,1
nsga2_20260905_161011,20260905_161011,nsga2,14.223739998289577,16.83971393272679,3.806459741734587,4.744135754441621e-05,3.1351250536001774e-05,9.652241345713913e-06,1.9980206963263603e-05,4.402284982930191e-06,4.102674178380531e-12,16.769999999999996,99.36,FAIL,1
nsga2_20260905_161011,20260905_161011,nsga2,14.646016572147428,13.378822961624714,11.008480743328711,1.8927448532250468e-05,5.114566164058235e-05,5.903096845319608e-06,4.95090845263566e-05,9.523474505736408e-06,5.309446844345183e-12,41.86,104.8,FAIL,1
nsga2_20260905_161011,20260905_161011,nsga2,3.8969060737227936,5.605048428783862,13.20931799274614,4.28805717966027e-05,4.091661335976124e-05,1.2794275571484094e-06,9.270247867515104e-05,1.6594321338600982e-06,2.05038871102902e-12,58.47,94.34,FAIL,1
nsga2_20260905_161011,20260905_161011,nsga2,1.6016344105851528,4.549079907722362,13.159064738657632,3.2332074622258935e-06,6.442167740772739e-06,9.377095008526484e-06,1.568905716497621e-05,5.325070904470767e-06,1.9549017959578562e-12,40.54,91.94,FAIL,1
nsga2_20260905_161011,20260905_161011,nsga2,3.513114608812713,8.347880890265369,7.444702962823298,4.375952328027886e-05,1.4992453010669541e-05,1.1860910086124564e-06,9.592805947649741e-05,6.411976955294971e-06,2.2926342121250522e-12,85.38,88.55,PASS,1
nsga2_20260905_161011,20260905_161011,nsga2,19.233240095948975,9.86765997625651,5.880481877314952,4.348521062592326e-06,6.235294752346728e-05,7.749721059168504e-06,7.436943420048619e-05,6.462373371462188e-06,4.376087641608962e-12,79.99,10.850000000000001,FAIL,1
nsga2_20260905_161011,20260905_161011,nsga2,1.6439527598136185,3.8595241744217668,13.819098513260771,3.8838545226763934e-05,1.6107936888475254e-05,9.614877456997327e-06,1.568905716497621e-05,5.34788087251751e-06,2.4171198735336495e-12,75.04,112.5,FAIL,1
nsga2_20260905_161011,20260905_161011,nsga2,12.88415135163581,5.6210938218202156,5.880481877314952,3.926121762208442e-06,2.6002970963974637e-05,7.749721059168504e-06,6.98799889971032e-05,9.326437871880068e-06,7.58664306203564e-12,79.64,150.9,FAIL,1
nsga2_20260905_161011,20260905_161011,nsga2,14.630062796018459,1.991859816806461,3.552026044656976,2.5855628793246283e-06,1.606773927822506e-05,2.3220878088738805e-06,5.3836116333307724e-05,4.537978459323349e-06,6.159838954848482e-12,75.91,31.2,FAIL,1
nsga2_20260905_161011,20260905_161011,nsga2,6.260932876862046,4.05238816672741,6.132977089605235,2.1029113994009813e-05,1.1181769488869293e-05,6.423152677606254e-06,7.007250254554309e-05,6.323531360003884e-06,9.255679343118123e-12,73.17,136.1,FAIL,1
nsga2_20260905_161011,20260905_161011,nsga2,4.657354034347588,13.50381230010581,2.4648021245932856,3.478429115501039e-05,4.372025750703206e-05,1.9159562220217693e-06,9.336992968588762e-05,5.500445795389974e-06,3.657108300964262e-12,53.94,119.4,FAIL,1
nsga2_20260905_161011,20260905_161011,nsga2,2.5119188501547285,5.233041164366703,14.262071303582097,2.764204835235906e-05,1.86478887062692e-05,9.694415701419435e-06,2.221484409494897e-05,4.578708504237638e-06,2.296025875173319e-12,81.42,119.5,FAIL,1
nsga2_20260905_161011,20260905_161011,nsga2,15.349209956566865,2.242580341871669,6.305923358840965,1.1012770229062172e-05,5.48284361149678e-05,5.7953843608636454e-06,5.004894929500938e-05,4.945659594553967e-06,6.1813464430518865e-12,47.53,135.5,FAIL,1
nsga2_20260905_161011,20260905_161011,nsga2,7.835951603359595,13.188758200606463,8.238649246568663,1.9709430007874113e-05,5.0529154134394596e-05,6.588668055360824e-07,4.95090845263566e-05,9.730184927745436e-06,3.5691870590702062e-12,42.0,127.2,FAIL,1
nsga2_20260905_161011,20260905_161011,nsga2,15.349209956566865,2.242580341871669,2.913448130274416,1.4073526743137901e-05,6.22484174598901e-05,5.689221273870256e-06,5.004894929500938e-05,7.928889476173884e-06,9.146674801223475e-12,32.78,106.2,FAIL,1
nsga2_20260905_161011,20260905_161011,nsga2,19.07177755791302,1.0102133330604142,13.235817271310305,3.916585166306547e-06,3.9736975178927146e-05,9.438874782788066e-06,2.664995518975012e-05,9.890043203084182e-06,7.723245254047347e-12,55.51,132.5,FAIL,1
nsga2_20260905_161011,20260905_161011,nsga2,3.9364097437718106,5.57801556205984,7.444702962823298,4.3759727711690914e-05,4.140326067980915e-05,1.2794275571484094e-06,9.270247867515104e-05,1.6594321338600982e-06,2.0707308423804776e-12,77.47,42.07,FAIL,1
nsga2_20260905_161011,20260905_161011,nsga2,19.74784614913036,5.729480900807047,19.42858285110652,2.594860870172957e-05,1.3433428302322123e-05,7.779323390691765e-06,6.931154912561033e-05,6.323531360003884e-06,9.255679343118123e-12,75.36,145.9,FAIL,1
nsga2_20260905_161011,20260905_161011,nsga2,7.951027054429825,2.1018856123967913,13.160200608035856,2.573380075608973e-06,7.120440663509713e-06,1.2594538032771295e-06,2.7396977590897088e-05,4.510262990744125e-06,6.203656231299816e-12,42.46,158.0,FAIL,1
nsga2_20260905_161011,20260905_161011,nsga2,1.5922561197476184,6.40130660533235,16.664611013688454,3.645672844176044e-05,4.393422879858116e-05,9.577335559541311e-06,8.317573553093752e-05,1.9934598966374735e-06,6.616441429633521e-12,44.99,98.86,FAIL,1
nsga2_20260905_161011,20260905_161011,nsga2,3.511397990764718,9.591308465351092,7.444702962823298,4.3759727711690914e-05,4.204967582620979e-05,1.2794275571484094e-06,9.270247867515104e-05,6.411976955294971e-06,2.05038871102902e-12,84.88,58.31,FAIL,1
nsga2_20260905_161011,20260905_161011,nsga2,14.780584823448539,13.423454210299493,6.023999108026038,4.184021086350494e-05,3.5729307085137968e-06,7.992423355547392e-06,3.186095457597821e-05,5.524738824191988e-06,2.7817262831864498e-12,45.46,94.0,FAIL,1
nsga2_20260905_161011,20260905_161011,nsga2,1.6439527598136185,4.549079907722362,13.819098513260771,2.680955339122611e-05,1.6107936888475254e-05,9.544278052898755e-06,8.859745580396346e-06,5.34788087251751e-06,2.2476833806132136e-12,56.58,101.8,FAIL,1
nsga2_20260905_161011,20260905_161011,nsga2,7.835951603359595,13.453649605265955,8.241194902693435,1.9985984542089246e-05,5.11504898563407e-05,7.193256514491896e-07,4.95090845263566e-05,9.523474505736408e-06,5.309446844345183e-12,41.580000000000005,128.8,FAIL,1
nsga2_20260905_161011,20260905_161011,nsga2,2.0875787780098793,5.8015113211970695,13.802003213716599,2.5855628793246283e-06,1.7731103128393077e-05,2.1340782859964673e-06,5.249129223400042e-05,4.784869418628216e-06,2.043354764848306e-12,38.22,91.51,FAIL,1
nsga2_20260905_161011,20260905_161011,nsga2,13.65229272476704,14.239124831240435,8.393274216177321,2.0269365568561017e-05,5.431243333382606e-05,9.662382731523395e-06,6.222988662478622e-05,2.206267284488698e-06,4.152479808711718e-12,75.06,38.11,FAIL,1
nsga2_20260905_161011,20260905_161011,nsga2,7.9717197502875345,6.30247201842148,8.137906466276798,7.844344530364422e-06,1.7731103128393077e-05,5.915734557701032e-07,4.945057253708893e-05,3.1309167993179304e-06,4.867673169995708e-12,51.77,88.16,FAIL,1
nsga2_20260905_161011,20260905_161011,nsga2,7.810693100149654,2.391140886025153,7.395585578564971,3.5999958587086653e-06,7.609538663841608e-06,1.7663246718600778e-06,2.7396977590897088e-05,6.04153006276847e-06,8.249037558677683e-12,76.38,89.68,FAIL,1
nsga2_20260905_161011,20260905_161011,nsga2,7.951027054429825,2.1100265428522307,13.820234382638995,2.9847668570971965e-05,4.283965055729029e-05,1.4719477716606027e-06,2.7396977590897088e-05,5.778176088212744e-06,8.349885270526347e-12,47.23,136.0,FAIL,1
nsga2_20260905_161011,20260905_161011,nsga2,3.5520209077320883,9.177928591036387,7.444702962823298,4.391871998209114e-05,4.204967582620979e-05,1.273537888173385e-06,9.270247867515104e-05,6.411976955294971e-06,2.0549745726331627e-12,91.39,51.97,FAIL,1
nsga2_20260905_161011,20260905_161011,nsga2,3.1503090408820245,9.853228800998833,2.7496903480932073,3.1791257554514744e-05,3.6598544633576646e-05,1.4183270394785736e-06,8.080005126981706e-05,7.987305288402046e-06,9.246744642128601e-12,60.36,132.9,FAIL,1
nsga2_20260905_161011,20260905_161011,nsga2,10.945920087532079,15.569358544497824,6.60512241330487,2.8822274888473576e-05,5.270526345927673e-05,2.764731446701864e-06,9.650728407477964e-05,2.3497654783491663e-06,3.657108300964262e-12,83.12,33.48,FAIL,1
nsga2_20260905_161011,20260905_161011,nsga2,19.825818611114627,1.0102133330604142,13.145819306474921,3.1029371300981713e-06,3.9736975178927146e-05,9.438874782788066e-06,2.664995518975012e-05,2.1995506071288335e-06,4.624256113782938e-12,39.99000000000001,83.73,FAIL,1
nsga2_20260905_161011,20260905_161011,nsga2,15.349209956566865,6.501049527116023,4.154417628923358,1.4073526743137901e-05,5.7055870321744504e-05,5.7953843608636454e-06,5.166142052266029e-05,4.779295013309603e-06,9.634111516861872e-12,40.06999999999999,117.7,FAIL,1
nsga2_20260905_161011,20260905_161011,nsga2,19.92668261225393,3.657953678177722,19.08991578295042,3.8975821024219285e-07,2.667300337970102e-05,8.256427681274334e-06,7.75427929514872e-05,1.7223955170131097e-06,4.3924047428267706e-12,7.399000000000001,116.8,FAIL,1
nsga2_20260905_161011,20260905_161011,nsga2,4.53425436929922,10.872796032592138,6.953682022548502,4.548074582371148e-05,1.9776802826172354e-06,8.425020845879304e-07,9.990288046769656e-05,2.9903945638049e-06,9.309535782505747e-12,69.24,103.6,FAIL,1
nsga2_20260905_161011,20260905_161011,nsga2,3.431240871906495,5.774123158823976,11.673986650434404,2.0782788246755843e-05,7.668926246925989e-05,6.3089594159098116e-06,8.616828847326331e-05,7.244799299583925e-06,6.416411029827084e-12,67.47,126.2,FAIL,1
nsga2_20260905_161011,20260905_161011,nsga2,14.678278286665169,16.610923702462706,4.207653507364542,1.4057099422075518e-05,6.376312466604717e-05,8.215508266401508e-06,9.308573151338958e-05,1.9317320661892027e-06,3.599651708528304e-12,75.67,19.730000000000004,FAIL,1
nsga2_20260905_161011,20260905_161011,nsga2,10.635483511599622,16.090688248490135,7.9110136860573625,4.726784671370845e-05,8.133921646092316e-05,4.647348193955924e-06,8.282194860389804e-05,5.124550047356518e-06,5.946343189057535e-12,47.94,123.8,FAIL,1
nsga2_20260905_161011,20260905_161011,nsga2,4.72891407198009,9.526435450542369,3.9941403641209137,2.6421815821206838e-05,6.175346397216255e-05,9.232103924077446e-07,7.319062548499272e-05,4.8292367193843626e-06,6.27237675435067e-12,68.78,65.46,FAIL,1
nsga2_20260905_161011,20260905_161011,nsga2,13.038442833835134,9.868157195134323,5.790484177990686,3.112473726000066e-06,2.6649386110399545e-05,7.749721059168504e-06,6.98799889971032e-05,6.47512843097006e-06,4.051419276943342e-12,61.82,118.1,FAIL,1
nsga2_20260905_161011,20260905_161011,nsga2,3.993736578842201,5.227630452979176,11.678980211894478,1.957212504810091e-05,9.765714217443535e-05,6.248797598136387e-06,8.616828847326331e-05,7.457427954593243e-06,6.416411029827084e-12,72.19,95.71,FAIL,1
nsga2_20260905_161011,20260905_161011,nsga2,6.264713949503847,3.9440010877444367,5.880481877314952,5.805585865840552e-06,2.6474145273700985e-05,6.3935503460795865e-06,7.830374637141983e-05,1.2150406128753473e-06,4.386146512852848e-12,37.34,114.1,FAIL,1
nsga2_20260905_161011,20260905_161011,nsga2,15.349209956566865,2.250721272327108,4.157898146266453,1.4113828838062523e-05,5.516672969456394e-05,5.7953843608636454e-06,5.004894929500938e-05,5.997542709228792e-06,7.730524362143353e-12,36.85000000000001,117.8,FAIL,1
nsga2_20260905_161011,20260905_161011,nsga2,6.087820423995424,6.193421511934373,13.819098513260771,3.045033650253758e-05,1.1162922044361861e-05,7.473644707296637e-07,1.568905716497621e-05,5.34788087251751e-06,2.0783780027412664e-12,35.95,110.5,FAIL,1
nsga2_20260905_161011,20260905_161011,nsga2,6.464696441723918,15.872448890597202,11.914903612833015,4.037992257175899e-06,9.62975984707898e-05,5.630106448416457e-06,7.997315788903884e-05,4.483707094305782e-06,6.489164630296779e-12,47.52,94.28,FAIL,1
nsga2_20260905_161011,20260905_161011,nsga2,4.656072213085964,13.50381230010581,6.602576757180098,3.426063694808282e-05,5.162770668507757e-05,2.3175001109536134e-06,9.336992968588762e-05,5.500445795389974e-06,3.657108300964262e-12,90.68,52.08,FAIL,1
nsga2_20260905_161011,20260905_161011,nsga2,14.23070011199052,6.227969816822333,4.610078106634897,2.8852711551013688e-05,1.6107936888475254e-05,9.611284004346555e-06,2.3559668603584423e-05,4.366079856407509e-06,9.77513467256667e-12,27.64,96.54,FAIL,1
nsga2_20260905_161011,20260905_161011,nsga2,10.945920087532079,15.863112218097955,6.60512241330487,3.8125644954589564e-05,5.296054815374019e-06,3.0967835126172008e-06,8.676567543622332e-05,9.601866481786493e-06,3.6868669168604845e-12,38.3,95.32,FAIL,1
nsga2_20260905_161011,20260905_161011,nsga2,7.951027054429825,2.5380222301946427,13.160200608035856,3.141964449360912e-06,7.120440663509713e-06,9.487508862633175e-06,2.7647684495887886e-05,6.04153006276847e-06,2.3547796190442765e-12,39.82,96.0,FAIL,1
nsga2_20260905_161011,20260905_161011,nsga2,1.6439527598136185,6.51710325937937,14.257077742122096,2.8353335314604707e-05,1.6107936888475254e-05,1.8636280307625826e-06,2.196413718995817e-05,4.366079856407509e-06,8.123316179561765e-12,83.18,135.6,FAIL,1
nsga2_20260905_161011,20260905_161011,nsga2,19.233240095948975,9.867162549203407,5.880481877314952,2.4498394747919145e-06,6.141777548176471e-05,7.749721059168504e-06,6.98799889971032e-05,6.47512843097006e-06,4.386146512852848e-12,74.16,83.76,FAIL,1
nsga2_20260905_161011,20260905_161011,nsga2,1.6439527598136185,9.610843854319485,8.16847995131411,2.865706051823916e-05,1.6107936888475254e-05,9.006644679200433e-06,1.4118060564780055e-05,5.34788087251751e-06,2.296025875173319e-12,55.84,98.77,FAIL,1
nsga2_20260905_161011,20260905_161011,nsga2,11.669781115521623,9.874006490438715,12.726394241268435,2.573380075608973e-06,7.120440663509713e-06,1.2594538032771295e-06,2.7396977590897088e-05,4.510262990744125e-06,6.23798188151413e-12,44.23,107.8,FAIL,1
nsga2_20260905_161011,20260905_161011,nsga2,2.892720719316394,4.874395199593994,11.341769346822819,1.4629901035798919e-05,1.1624727450025e-05,7.325108869135595e-06,4.697677311517488e-05,6.261826861091993e-06,1.3515261901488636e-12,63.57000000000001,96.79,FAIL,1
nsga2_20260905_161011,20260905_161011,nsga2,3.5520209077320883,9.177928591036387,7.444702962823298,1.6857597784216846e-05,4.204967582620979e-05,1.273537888173385e-06,9.270247867515104e-05,7.865691021065427e-06,1.8164809660183696e-12,83.87,63.99,FAIL,1
nsga2_20260905_161011,20260905_161011,nsga2,3.5381012140889894,8.347880890265369,6.621548260979235,4.366010545187921e-05,1.7608084780673125e-05,1.1802013396374321e-06,8.892093267890416e-05,6.411976955294971e-06,3.6320596724292927e-12,84.44,83.72,FAIL,1
nsga2_20260905_161011,20260905_161011,nsga2,1.5893060780007406,2.242580341871669,14.368639792139666,1.4073526743137901e-05,4.24011991869737e-05,6.431736835496125e-06,5.004894929500938e-05,5.419811911781769e-06,6.141562664385699e-12,55.81,135.7,FAIL,1
nsga2_20260905_161011,20260905_161011,nsga2,3.513114608812713,8.506657606847817,6.591236893359851,3.63306429767808e-06,1.4992453010669541e-05,1.1860910086124564e-06,2.7181233899417897e-05,6.411976955294971e-06,2.02494748889776e-12,64.98,116.7,FAIL,1
nsga2_20260905_161011,20260905_161011,nsga2,10.945920087532079,15.569358544497824,13.966331719978943,2.8822274888473576e-05,5.0811478885121186e-05,2.764731446701864e-06,9.650728407477964e-05,2.3497654783491663e-06,2.2821102242891954e-12,67.32,79.94,FAIL,1
nsga2_20260905_161011,20260905_161011,nsga2,19.92668261225393,3.657953678177722,5.849113524041917,3.5936475820810544e-05,2.1639003154352607e-05,8.584910945225459e-06,6.98799889971032e-05,1.7170671664445493e-06,4.399150182155014e-12,63.92,95.84,FAIL,1
nsga2_20260905_161011,20260905_161011,nsga2,19.74784614913036,9.72100447102158,19.42858285110652,2.7142440040028496e-05,1.1448193987660043e-05,7.740464431825213e-06,9.255099036343065e-05,6.501837980604714e-06,2.4977722761411803e-12,75.41,104.2,FAIL,1
nsga2_20260905_161011,20260905_161011,nsga2,14.625762409995557,6.227069864254179,3.5537157508098227,2.5855628793246283e-06,1.7731103128393077e-05,2.3220878088738805e-06,5.3836116333307724e-05,4.784869418628216e-06,9.615649305281835e-12,78.45,43.03,FAIL,1
nsga2_20260905_161011,20260905_161011,nsga2,2.1118585180870673,4.516063889889342,13.837290488495423,2.1144842555473998e-05,1.1098899114206537e-05,9.555608248519596e-06,7.002412604043688e-05,5.224640034195847e-06,2.7654881132390514e-12,48.93,93.16,FAIL,1
nsga2_20260905_161011,20260905_161011,nsga2,3.5084995687890865,8.347880890265369,7.444702962823298,4.376807577995886e-05,1.6004169463473627e-05,1.2726795518882658e-06,9.270247867515104e-05,5.620381310239715e-06,2.2926342121250522e-12,88.05,88.7,PASS,1
nsga2_20260905_161011,20260905_161011,nsga2,3.1503090408820245,9.853228800998833,2.7496903480932073,2.7154752994748393e-05,3.6598544633576646e-05,1.4183270394785736e-06,8.080005126981706e-05,7.987305288402046e-06,9.246744642128601e-12,64.22,138.9,FAIL,1
nsga2_20260905_161011,20260905_161011,nsga2,10.56947463829174,19.05881023019277,3.739032641673041,2.0421606026526345e-05,3.13895957654454e-05,2.761163898629242e-06,8.282194860389804e-05,5.061110888196945e-06,3.687440153811985e-12,47.87,120.5,FAIL,1
nsga2_20260905_161011,20260905_161011,nsga2,7.951027054429825,2.1100265428522307,7.450694018531287,2.612700143120498e-06,4.3060977134086546e-05,1.2594538032771295e-06,9.359256442123881e-05,5.97540164596818e-06,1.5334261947142619e-12,51.77,109.1,FAIL,1
nsga2_20260905_161011,20260905_161011,nsga2,4.656072213085964,13.50381230010581,6.60512241330487,3.498642274576935e-05,5.1632534900835915e-05,1.920805782650798e-06,9.722803166903519e-05,5.500445795389974e-06,3.657108300964262e-12,90.76,42.6,FAIL,1
nsga2_20260905_161011,20260905_161011,nsga2,1.6439527598136185,5.700616075263515,14.257077742122096,2.8852711551013688e-05,1.6107936888475254e-05,9.285384419125852e-06,2.221484409494897e-05,4.366079856407509e-06,2.296025875173319e-12,80.93,109.3,FAIL,1
nsga2_20260905_161011,20260905_161011,nsga2,19.233240095948975,9.86765997625651,5.880481877314952,2.1857948346189875e-06,6.154594175051902e-05,7.749721059168504e-06,7.436943420048619e-05,6.4757992694034135e-06,4.386519596797518e-12,64.72,112.8,FAIL,1
nsga2_20260905_161011,20260905_161011,nsga2,3.749973353419124,6.51710325937937,19.39225273757375,2.8418020261740424e-05,1.3468873817455743e-05,6.125219945441084e-07,2.196413718995817e-05,4.366089524708856e-06,8.123316179561765e-12,80.68,76.21,FAIL,1
nsga2_20260905_161011,20260905_161011,nsga2,18.59432561198559,1.0102133330604142,6.056360509973272,1.5236471945242156e-05,3.820978109545701e-05,9.438874782788066e-06,2.664995518975012e-05,6.0936518254407534e-06,1.422800542158509e-12,28.700000000000003,103.3,FAIL,1
nsga2_20260905_161011,20260905_161011,nsga2,4.72891407198009,9.527430096473285,2.7496903480932073,2.9657537236302412e-05,2.6985074825137937e-05,8.047728118724603e-07,7.319062548499272e-05,7.974550228925235e-06,9.237774417537775e-12,46.33,130.1,FAIL,1
nsga2_20260905_161011,20260905_161011,nsga2,3.511397990764718,4.529544597350176,13.095321523880157,4.3759727711690914e-05,3.971445311609954e-05,1.8020999036795235e-06,9.407966607085744e-05,6.411976955294971e-06,2.05038871102902e-12,89.09,75.12,PASS,1
nsga2_20260905_161011,20260905_161011,nsga2,19.233240095948975,2.0978782022790656,6.314288362860007,4.348521062592326e-06,6.235294752346728e-05,7.749721059168504e-06,7.436943420048619e-05,6.462373371462188e-06,4.341761991395725e-12,80.15,-2.693000000000005,FAIL,1
nsga2_20260905_161011,20260905_161011,nsga2,3.1503090408820245,9.853228800998833,2.7496903480932073,3.1791257554514744e-05,3.6598544633576646e-05,1.4183270394785736e-06,8.080005126981706e-05,7.987305288402046e-06,9.924445430706942e-12,60.36,134.1,FAIL,1
nsga2_20260905_161011,20260905_161011,nsga2,3.4361033418811164,3.949299606875046,6.354672163319208,2.0782788246755843e-05,7.668926246925989e-05,6.315278897504995e-06,8.648390143700938e-05,7.244799299583925e-06,6.372804846167846e-12,91.7,153.1,PASS,1
nsga2_20260905_161011,20260905_161011,nsga2,12.579461305701203,5.934114362680604,6.39232328993849,4.297230614318144e-05,2.992840443875962e-05,7.477212239896523e-06,9.800126521741242e-05,6.405595215996816e-06,7.79456116054627e-12,38.809999999999995,106.1,FAIL,1
nsga2_20260905_161011,20260905_161011,nsga2,4.671708524777095,13.50381230010581,7.637714979949389,3.524483270420799e-05,5.0028640112675474e-05,1.9159562220217693e-06,9.336992968588762e-05,5.500445795389974e-06,2.3176828415050747e-12,90.49,47.06,FAIL,1
nsga2_20260905_161011,20260905_161011,nsga2,15.436365083221462,4.549079907722362,3.5417585070672537,3.045033650253758e-05,5.491897526572614e-05,9.550882975321565e-06,1.568905716497621e-05,4.469514517509387e-06,2.0936502049313347e-12,18.08,99.13,FAIL,1
nsga2_20260905_161011,20260905_161011,nsga2,7.951027054429825,1.9539204752809636,14.01366672356691,4.395714439023546e-05,7.120440663509713e-06,1.2594538032771295e-06,9.593822930315984e-05,5.97540164596818e-06,8.518502076913255e-12,76.71,83.49,FAIL,1
nsga2_20260905_161011,20260905_161011,nsga2,2.5119188501547285,5.233041164366703,6.900862008889003,3.2050676679334785e-05,2.641786421448515e-05,9.694415701419435e-06,2.221484409494897e-05,4.578708504237638e-06,3.671023953342238e-12,53.379999999999995,107.7,FAIL,1
nsga2_20260905_161011,20260905_161011,nsga2,4.656072213085964,13.50381230010581,7.145925111261914,2.4130318026411434e-06,5.1936113475429186e-05,1.7534686730678418e-06,9.336992968588762e-05,5.505796184796395e-06,3.439214061362718e-12,49.06,90.48,FAIL,1
nsga2_20260905_161011,20260905_161011,nsga2,2.676253616508611,5.599784895883598,8.66315044088644,4.3759727711690914e-05,4.204967582620979e-05,1.3215058434484973e-06,6.946288325219208e-05,6.322104443675073e-06,8.805002603632684e-12,91.39,65.74,PASS,1
nsga2_20260905_161011,20260905_161011,nsga2,12.88845173765871,5.64397122537394,5.875311654141237,3.926121762208442e-06,2.6002970963974637e-05,7.749721059168504e-06,6.98799889971032e-05,9.326437871880068e-06,7.58664306203564e-12,79.64,150.9,FAIL,1
nsga2_20260905_161011,20260905_161011,nsga2,5.7941553816908815,4.085404184560431,6.505551549072928,2.8541331956774975e-05,1.696809638353515e-05,6.410793783543244e-06,1.5738076643426476e-05,6.363546628320946e-06,8.782533488107679e-12,31.97,95.74,FAIL,1
nsga2_20260905_161011,20260905_161011,nsga2,3.556635947755715,8.347880890265369,7.444702962823298,4.3910167482411144e-05,3.31495755851613e-05,1.1869493448975757e-06,9.270247867515104e-05,6.411976955294971e-06,2.05038871102902e-12,87.79,58.57,FAIL,1
nsga2_20260905_161011,20260905_161011,nsga2,4.72891407198009,9.526435450542369,2.7496903480932073,2.6421815821206838e-05,6.726346219331056e-05,8.047728118724603e-07,7.319062548499272e-05,7.974550228925235e-06,9.237774417537775e-12,49.56,141.4,FAIL,1
nsga2_20260905_161011,20260905_161011,nsga2,10.974296381207857,15.569358544497824,6.60512241330487,2.8822274888473576e-05,5.270526345927673e-05,1.6879143176820948e-06,9.650728407477964e-05,2.3497654783491663e-06,5.916011336367502e-12,84.34,24.980000000000004,FAIL,1
nsga2_20260905_161011,20260905_161011,nsga2,3.5520209077320883,9.177928591036387,13.1542095526004,4.391871998209114e-05,6.120669277265094e-06,1.273537888173385e-06,2.64169794190168e-05,6.411976955294971e-06,8.793923595243989e-12,50.36,115.1,FAIL,1
nsga2_20260905_161011,20260905_161011,nsga2,4.656072213085964,13.50381230010581,6.602576757180098,3.426063694808282e-05,5.162770668507757e-05,2.3126505503245846e-06,9.336992968588762e-05,5.500445795389974e-06,3.657108300964262e-12,90.75,49.16,FAIL,1
nsga2_20260905_161011,20260905_161011,nsga2,19.92668261225393,3.657953678177722,5.854016339494706,3.937546597831008e-06,2.0312255484295633e-05,8.256427681274334e-06,6.98799889971032e-05,1.731111082614694e-06,4.3924047428267706e-12,37.21,124.1,FAIL,1
nsga2_20260905_161011,20260905_161011,nsga2,19.233240095948975,11.633703808336321,5.880481877314952,3.908895013903205e-06,2.745639214328802e-05,7.749721059168504e-06,6.829935523345186e-05,6.461702533028835e-06,4.375714557664292e-12,76.39,147.6,FAIL,1
nsga2_20260905_161011,20260905_161011,nsga2,19.74784614913036,5.729480900807047,14.328669593557368,2.5883923754593857e-05,1.607249137334163e-05,7.833783479744502e-06,6.931154912561033e-05,6.2835673552269774e-06,9.821501533636206e-12,63.19,147.9,FAIL,1
nsga2_20260905_161011,20260905_161011,nsga2,3.3394256952147643,4.414932427423383,13.201911706590536,3.99011990933511e-06,1.3151952189969105e-05,6.626276300806575e-06,6.232862364718e-05,9.951882323942615e-06,7.619411057824589e-12,46.13,95.15,FAIL,1
nsga2_20260905_161011,20260905_161011,nsga2,3.4278024877269666,8.033506327676994,6.59030066667064,2.8822274888473576e-05,5.270526345927673e-05,2.764731446701864e-06,9.268227548661759e-05,6.274320903084751e-06,3.657108300964262e-12,86.67,85.19,PASS,1
nsga2_20260905_161011,20260905_161011,nsga2,8.75147890199686,15.916620559342222,6.900529448673115,3.9003759598884984e-05,5.3434243292816723e-05,2.8807151239302058e-06,2.361039627727712e-05,2.3497654783491663e-06,3.630685396612809e-12,40.91,115.1,FAIL,1
nsga2_20260905_161011,20260905_161011,nsga2,17.73134976934156,9.86765997625651,5.880481877314952,4.348521062592326e-06,6.235294752346728e-05,7.749721059168504e-06,7.436943420048619e-05,6.462373371462188e-06,4.4137512291613766e-12,80.37,14.219999999999999,FAIL,1
nsga2_20260905_161011,20260905_161011,nsga2,10.353088316871215,15.883730910369422,7.459524709457529,4.391851555067909e-05,1.6004169463473627e-05,1.1802013396374321e-06,9.652748725861695e-05,2.4874234003557287e-06,2.2926342121250522e-12,78.79,62.98,FAIL,1
nsga2_20260905_161011,20260905_161011,nsga2,19.213047521872,3.621313016741402,13.235817271310305,3.916585166306547e-06,3.2941420897636394e-05,9.413425476995988e-06,9.828425339000394e-05,9.890043203084182e-06,7.749667739698953e-12,53.55,136.8,FAIL,1
nsga2_20260905_161011,20260905_161011,nsga2,3.4278024877269666,8.049075877690083,6.578061464889311,4.351767158567043e-05,5.270526345927673e-05,2.764731446701864e-06,9.268136773657703e-05,6.424593154595179e-06,3.651898927343588e-12,92.63,154.2,PASS,1
nsga2_20260905_161011,20260905_161011,nsga2,2.5564500238028542,5.233041164366703,14.262071303582097,1.4767363297648163e-06,1.8444031517574068e-05,9.694415701419435e-06,2.7659129458257937e-05,4.578708504237638e-06,2.296025875173319e-12,33.31,92.53,FAIL,1
nsga2_20260905_161011,20260905_161011,nsga2,12.657706599986817,5.582154986117622,5.882297170314298,3.528825693917555e-06,1.1181769488869293e-05,6.423152677606254e-06,7.007250254554309e-05,6.389678438958925e-06,9.748173904515187e-12,56.870000000000005,137.7,FAIL,1
nsga2_20260905_161011,20260905_161011,nsga2,1.658693143531855,12.379944818311552,5.922668776753993,3.498642274576935e-05,5.3096738330200345e-05,1.357571934784297e-06,1.5263562489100388e-05,5.503917559904499e-06,3.657108300964262e-12,54.27000000000001,112.1,FAIL,1
nsga2_20260905_161011,20260905_161011,nsga2,3.5750552769562267,13.50381230010581,7.641006848197708,4.354904259213991e-05,4.218119011903688e-05,2.2444165556694958e-06,9.336992968588762e-05,5.488097114311154e-06,2.3176828415050747e-12,90.35,76.51,PASS,1
nsga2_20260905_161011,20260905_161011,nsga2,2.676253616508611,5.594014761499795,8.66315044088644,4.321457427806727e-05,4.150400114796209e-05,7.459079579840375e-06,6.946288325219208e-05,6.323393727408056e-06,8.805002603632684e-12,89.77,139.7,PASS,1
nsga2_20260905_161011,20260905_161011,nsga2,1.3012974431852373,3.4770973478344813,13.819098513260771,2.8351394914002016e-05,1.6107936888475254e-05,9.544278052898755e-06,1.7844826132172864e-05,5.34788087251751e-06,2.296025875173319e-12,74.02,108.4,FAIL,1
nsga2_20260905_161011,20260905_161011,nsga2,3.553737525780084,10.68998664302125,7.444702962823298,4.391851555067909e-05,7.051981266381845e-06,1.1802013396374321e-06,8.86275468817734e-05,3.041631739348139e-06,2.3346415623531487e-12,80.89,126.8,FAIL,1
nsga2_20260905_161011,20260905_161011,nsga2,1.6016344105851528,4.549079907722362,13.819098513260771,3.5362455856864e-05,4.2253219041047273e-05,9.612778767643399e-06,1.568905716497621e-05,5.34788087251751e-06,2.0991271552880826e-12,82.8,123.5,FAIL,1
nsga2_20260905_161011,20260905_161011,nsga2,13.305270904940725,9.526435450542369,2.7496903480932073,2.6421815821206838e-05,3.6192846537089785e-05,8.047728118724603e-07,4.2666353580552764e-05,1.6179709559751554e-06,9.67683916938389e-12,41.05,118.0,FAIL,1
nsga2_20260905_161011,20260905_161011,nsga2,3.5381012140889894,8.347880890265369,6.621548260979235,4.366010545187921e-05,1.7653451635935402e-05,1.1802013396374321e-06,9.274259589779583e-05,5.659386156810993e-06,3.6320596724292927e-12,85.72,84.08,PASS,1
nsga2_20260905_161011,20260905_161011,nsga2,3.1078631041433127,3.949299606875046,14.253840663873724,2.0841903785293952e-05,7.799132183040485e-05,6.315278897504995e-06,7.058004158432388e-05,6.258730729505436e-06,6.353670377104467e-12,65.85,132.7,FAIL,1
nsga2_20260905_161011,20260905_161011,nsga2,7.857979260418747,2.2252738997562043,13.301595302840022,1.5137416450892178e-06,1.6363337162253932e-05,1.2594538032771295e-06,2.853966994484574e-05,6.058457952266673e-06,8.249037558677683e-12,42.21999999999999,151.8,FAIL,1
nsga2_20260905_161011,20260905_161011,nsga2,1.6441107173181586,5.700616075263515,14.257077742122096,3.0453287555229263e-05,1.6107936888475254e-05,9.285384419125852e-06,2.221484409494897e-05,4.366079856407509e-06,2.296025875173319e-12,81.86,112.7,FAIL,1
nsga2_20260905_161011,20260905_161011,nsga2,3.5292426927841687,9.177928591036387,7.5985856051946765,2.6584039902811593e-05,4.204967582620979e-05,1.273537888173385e-06,7.312273908643895e-05,6.399717424440563e-06,2.0549745726331627e-12,89.73,55.15,FAIL,1
nsga2_20260905_161011,20260905_161011,nsga2,4.656072213085964,13.50381230010581,6.60512241330487,3.5321111032195465e-05,5.212073672694785e-05,1.920805782650798e-06,9.722803166903519e-05,6.325926770618075e-06,3.967644923135704e-12,89.71,43.52,FAIL,1
nsga2_20260905_161011,20260905_161011,nsga2,12.714926242464506,13.672516739845385,7.637714979949389,1.8217256099676525e-05,3.580219155452618e-05,1.9159562220217693e-06,9.336992968588762e-05,5.51513253362107e-06,2.3176828415050747e-12,72.99,57.9,FAIL,1
nsga2_20260905_161011,20260905_161011,nsga2,19.233240095948975,9.868157195134323,5.880481877314952,3.937546597831008e-06,2.792226774865846e-05,7.749721059168504e-06,6.602926775899746e-05,6.47512843097006e-06,8.216242362179744e-12,76.44,153.1,FAIL,1
nsga2_20260905_161011,20260905_161011,nsga2,3.272059468704327,8.38399373255177,5.8760259123343,4.366010545187921e-05,1.7573631327255498e-05,1.2180419429438017e-06,6.450061624168497e-05,9.56207442180279e-06,2.9804155171311526e-12,57.6,108.9,FAIL,1
nsga2_20260905_161011,20260905_161011,nsga2,1.811763703241676,6.649600964293022,2.7496903480932073,2.6421815821206838e-05,6.175346397216255e-05,1.8819556446422407e-06,7.545383470597109e-05,4.2736071780814325e-06,9.237774417537775e-12,91.3,59.26,FAIL,1
nsga2_20260905_161011,20260905_161011,nsga2,7.951027054429825,2.1173854230189697,13.160200608035856,3.915882932094052e-06,7.120440663509713e-06,1.2594538032771295e-06,2.7396977590897088e-05,4.5225787953171266e-06,6.203656231299816e-12,49.98,109.0,FAIL,1
nsga2_20260905_161011,20260905_161011,nsga2,12.88845173765871,5.64397122537394,5.875311654141237,2.836991041084392e-05,2.615049126528734e-05,7.749721059168504e-06,6.98799889971032e-05,9.063941388550774e-06,8.118003689380296e-12,36.27000000000001,99.85,FAIL,1
nsga2_20260905_161011,20260905_161011,nsga2,3.5566972151327434,8.347880890265369,7.444702962823298,2.030164790809473e-05,3.31495755851613e-05,1.1869493448975757e-06,9.270247867515104e-05,6.411976955294971e-06,6.43781638661926e-12,86.29,77.17,PASS,1
nsga2_20260905_161011,20260905_161011,nsga2,12.282473218803885,5.946920224614064,6.022454853514184,1.4629901035798919e-05,4.1407376832277695e-05,7.3702011198713865e-06,6.503322085750558e-05,6.261826861091993e-06,1.306410240499979e-12,49.48,112.7,FAIL,1
nsga2_20260905_161011,20260905_161011,nsga2,3.511397990764718,8.332311340252279,7.4569421646046266,2.906431741107183e-05,4.204967582620979e-05,1.2794275571484094e-06,9.270338642519159e-05,6.261704703784543e-06,2.055598123258236e-12,88.8,43.35,FAIL,1
nsga2_20260905_161011,20260905_161011,nsga2,7.906566736261876,2.1018856123967913,13.160200608035856,2.897385291483031e-05,7.324298503796249e-06,1.2594538032771295e-06,2.195269222758812e-05,4.510262990744125e-06,6.203656231299816e-12,38.82,126.7,FAIL,1
nsga2_20260905_161011,20260905_161011,nsga2,5.71826426638892,4.091327002430219,6.1311617966058884,2.142949116071096e-05,2.6002970963974637e-05,7.749721059168504e-06,6.98799889971032e-05,9.260171433381606e-06,7.561058852404397e-12,56.55,122.70000000000002,FAIL,1
nsga2_20260905_161011,20260905_161011,nsga2,4.641488586762428,3.8595241744217668,14.501552937220207,3.8838545226763934e-05,1.4643871810056897e-05,9.903978255660229e-06,9.280286169039267e-05,5.344409108002986e-06,3.3981556659322176e-12,66.24,103.5,FAIL,1
nsga2_20260905_161011,20260905_161011,nsga2,4.193204233903607,9.177928591036387,7.4414110945749785,3.561450999333078e-05,4.989712581984838e-05,1.273537888173385e-06,9.270247867515104e-05,6.424325636373791e-06,2.0549745726331627e-12,91.44,40.32,FAIL,1
nsga2_20260905_161011,20260905_161011,nsga2,19.74784614913036,5.73525103519085,19.42858285110652,2.6493708803162402e-05,1.3979115813711124e-05,1.644161839073448e-06,6.931154912561033e-05,6.3222420762709014e-06,9.255679343118123e-12,46.49,147.3,FAIL,1
nsga2_20260905_161011,20260905_161011,nsga2,4.656072213085964,13.50381230010581,6.602576757180098,3.426063694808282e-05,5.162770668507757e-05,2.415326304768158e-06,9.336992968588762e-05,5.500445795389974e-06,3.657108300964262e-12,89.25,51.85,FAIL,1
nsga2_20260905_161011,20260905_161011,nsga2,4.229949929147868,8.530690279836257,2.8133179458714017,4.527862776966103e-05,1.6337095370025048e-05,8.425020845879304e-07,9.990288046769656e-05,6.360739808680017e-06,9.262047527881271e-12,79.24,71.76,FAIL,1
nsga2_20260905_161011,20260905_161011,nsga2,4.656072213085964,13.50381230010581,6.60512241330487,3.0074303391442913e-05,5.153276061792455e-05,1.920805782650798e-06,8.221696013959016e-05,5.500445795389974e-06,3.6117615546084635e-12,90.56,42.92,FAIL,1
nsga2_20260905_161011,20260905_161011,nsga2,4.437993448944318,8.241613115676827,13.837883671413248,1.0434196790862533e-05,5.177700589286968e-05,5.661477407229867e-06,7.34610816454728e-05,8.02152501446087e-06,9.253388327513447e-12,61.04,109.6,FAIL,1
nsga2_20260905_161011,20260905_161011,nsga2,3.5084995687890865,8.347880890265369,7.444702962823298,4.376807577995886e-05,1.5958802608211346e-05,1.2726795518882658e-06,8.888081545625827e-05,6.372972108723694e-06,2.2926342121250522e-12,85.82,90.89,PASS,1
nsga2_20260905_161011,20260905_161011,nsga2,19.760742001051312,5.729480900807047,6.429501154259899,2.3690924041642833e-05,1.4773654213116598e-05,7.833783479744502e-06,8.521540891677405e-05,7.269635925305463e-06,9.82610100677898e-12,43.01,107.4,FAIL,1
nsga2_20260905_161011,20260905_161011,nsga2,3.553737525780084,8.457018986658081,7.303308268973895,4.556724425319249e-05,6.761273270189926e-06,9.90412602446826e-07,9.152042368298658e-05,6.411976955294971e-06,2.2926342121250522e-12,76.45,133.1,FAIL,1
nsga2_20260905_161011,20260905_161011,nsga2,1.6014764530806125,4.486943242429352,13.819098513260771,2.8849760498322005e-05,4.21534447581359e-05,9.612778767643399e-06,1.568905716497621e-05,5.34788087251751e-06,2.0537803740772865e-12,87.16,126.4,PASS,1
nsga2_20260905_161011,20260905_161011,nsga2,4.751692286928128,9.526435450542369,2.5958553886953966,4.375643816531863e-05,6.726346219331056e-05,8.047728118724603e-07,9.277031518912138e-05,7.98680975972919e-06,9.237774417537775e-12,48.45,138.1,FAIL,1
nsga2_20260905_161011,20260905_161011,nsga2,2.821054212262297,5.599784895883598,8.66315044088644,4.342503933528902e-05,4.156147400009786e-05,9.491416080320669e-07,6.946288325219208e-05,5.496623468446972e-06,8.874085861710737e-12,89.46,51.6,FAIL,1
nsga2_20260905_161011,20260905_161011,nsga2,4.971113966971777,8.072908675310348,13.837883671413248,3.5824216727692685e-05,4.9755521139361307e-05,5.661477407229867e-06,4.293680980608057e-05,1.6493454735722306e-06,9.692453086862538e-12,64.69,80.94,FAIL,1
nsga2_20260905_161011,20260905_161011,nsga2,7.951027054429825,2.1100265428522307,13.160200608035856,2.612700143120498e-06,7.501291157275862e-06,1.2594538032771295e-06,3.124769948158158e-05,5.97540164596818e-06,4.418939768056233e-12,45.05,148.7,FAIL,1
nsga2_20260905_161011,20260905_161011,nsga2,12.88415135163581,4.028665537697819,6.626004225959888,3.482691656968143e-06,2.6037424417393013e-05,7.716918093744975e-06,8.943583334926923e-05,6.173759799424065e-06,7.58664306203564e-12,52.35,143.2,FAIL,1
nsga2_20260905_161011,20260905_161011,nsga2,4.561265018003935,9.393937745629566,14.257077742122096,2.8353335314604707e-05,1.6107936888475254e-05,1.187971697369203e-06,2.196413718995817e-05,8.043838328877213e-06,8.293128828650074e-12,44.89,113.3,FAIL,1
nsga2_20260905_161011,20260905_161011,nsga2,4.656072213085964,13.498993440393303,6.60512241330487,3.370270044911771e-05,5.1632534900835915e-05,1.9159562220217693e-06,9.336992968588762e-05,5.4881299908169715e-06,3.3190151304609165e-12,90.36,41.48,FAIL,1
nsga2_20260905_161011,20260905_161011,nsga2,3.749973353419124,6.996120099934706,19.973464878190075,3.980263905108018e-06,1.33213535213497e-05,6.125219945441084e-07,2.196413718995817e-05,4.366089524708856e-06,7.59195555221711e-12,35.96000000000001,104.1,FAIL,1
nsga2_20260905_161011,20260905_161011,nsga2,3.436042074504088,3.949299606875046,6.354672163319208,4.4390081066351616e-05,7.668926246925989e-05,6.315278897504995e-06,8.648390143700938e-05,7.244799299583925e-06,1.9856491978315958e-12,91.11,139.0,PASS,1
nsga2_20260905_161011,20260905_161011,nsga2,3.511397990764718,9.591308465351092,7.444702962823298,4.3759727711690914e-05,1.0684788570911669e-05,1.4508447743601086e-06,9.284065056180187e-05,6.411976955294971e-06,2.05038871102902e-12,84.39,128.0,FAIL,1
nsga2_20260905_161011,20260905_161011,nsga2,3.5540513178613207,9.127233482962922,6.598206658766559,4.391871998209114e-05,4.204967582620979e-05,1.2530116192088498e-06,9.236902060653323e-05,6.411976955294971e-06,2.0750777243823295e-12,88.42,50.48,FAIL,1
nsga2_20260905_161011,20260905_161011,nsga2,4.654041802956749,13.55450740815089,7.45161871736161,3.498642274576935e-05,5.009062264267806e-05,1.812375764587718e-06,9.939888935571943e-05,5.500445795389974e-06,3.637005184596791e-12,89.54,43.65,FAIL,1
nsga2_20260905_161011,20260905_161011,nsga2,13.014326743156381,8.241613115676827,13.837883671413248,1.0434196790862533e-05,3.55290725812119e-05,5.526243549570647e-06,1.3836827929369025e-05,1.6639936823055022e-06,9.692453086862538e-12,72.57,30.07,FAIL,1
nsga2_20260905_161011,20260905_161011,nsga2,2.676253616508611,5.134178221898496,8.661187780213341,4.3759727711690914e-05,4.204967582620979e-05,1.2909265835096472e-06,6.946288325219208e-05,6.328048807701208e-06,8.811579520107905e-12,91.29,60.02,PASS,1
nsga2_20260905_161011,20260905_161011,nsga2,3.4092106173968295,8.574328903943975,6.541777132358572,4.351767158567043e-05,5.270526345927673e-05,1.8604431821373377e-06,3.0170712128230297e-05,4.291409566975998e-06,8.165985560393555e-12,61.28,150.2,FAIL,1
nsga2_20260905_161011,20260905_161011,nsga2,5.576406501356125,8.049768284533938,7.303308268973895,4.556724425319249e-05,5.001733372635249e-05,9.750385477316503e-07,9.152042368298658e-05,6.411976955294971e-06,3.6555906435342145e-12,61.77,109.3,FAIL,1
nsga2_20260905_161011,20260905_161011,nsga2,7.857979260418747,2.2252738997562043,13.301595302840022,6.134689164521246e-07,1.6000950305928763e-05,1.2727360530224997e-06,2.853966994484574e-05,6.019956580942202e-06,1.8216467068907454e-12,32.81,106.2,FAIL,1
nsga2_20260905_161011,20260905_161011,nsga2,4.241313527904829,10.703182715451618,13.16019891666115,4.799856206670826e-05,7.120440663509713e-06,8.329518512639236e-07,3.078775259848426e-05,5.985892338891775e-06,8.254383519192079e-12,51.05,127.3,FAIL,1
nsga2_20260905_161011,20260905_161011,nsga2,2.745124854544312,13.605877799188413,6.675506821660013,4.321457427806727e-05,4.150400114796209e-05,1.512471475562648e-06,6.946288325219208e-05,6.323393727408056e-06,8.805002603632684e-12,87.84,77.75,PASS,1
nsga2_20260905_161011,20260905_161011,nsga2,2.839390715695288,9.63678009325954,7.4414110945749785,3.561450999333078e-05,4.989712581984838e-05,1.273537888173385e-06,9.270247867515104e-05,6.926883671847888e-06,2.0549745726331627e-12,89.37,86.49,PASS,1
nsga2_20260905_161011,20260905_161011,nsga2,12.768945146423455,4.028665537697819,7.012261232179709,3.482691656968143e-06,2.6037424417393013e-05,7.716918093744975e-06,2.6900145914225103e-05,6.173759799424065e-06,7.58664306203564e-12,71.25,149.7,FAIL,1
nsga2_20260905_161011,20260905_161011,nsga2,4.72891407198009,4.4503187766312635,2.7496903480932073,2.6421815821206838e-05,6.691607400973217e-05,8.047728118724603e-07,1.6856944187961336e-05,5.290997662415138e-06,9.259597355620864e-12,32.12,109.6,FAIL,1
nsga2_20260905_161011,20260905_161011,nsga2,3.522902540312248,2.4104168622865894,13.160200608035856,4.6216957298807166e-05,7.120440663509713e-06,1.7663246718600778e-06,3.38787789272124e-05,6.04153006276847e-06,8.249037558677683e-12,52.82,138.3,FAIL,1
nsga2_20260905_161011,20260905_161011,nsga2,4.252530594123018,13.463564068175568,6.60512241330487,2.798719366186953e-05,5.1952676321016816e-05,1.829491657951599e-06,8.221696013959016e-05,4.577452760187985e-06,3.6170993187622367e-12,89.29,72.69,PASS,1
nsga2_20260905_161011,20260905_161011,nsga2,1.9907998491042198,4.486943242429352,13.819098513260771,3.495628628007169e-05,4.21534447581359e-05,1.4237894324663217e-06,1.568905716497621e-05,5.34788087251751e-06,2.0537803740772865e-12,85.4,81.86,PASS,1
nsga2_20260905_161011,20260905_161011,nsga2,1.6016344105851528,4.549079907722362,13.819098513260771,2.0567435856056784e-05,4.2253219041047273e-05,6.782135052795288e-06,1.2504718751955584e-05,5.34788087251751e-06,2.0991271552880826e-12,87.84,130.8,PASS,1
nsga2_20260905_161011,20260905_161011,nsga2,9.121240776718347,2.391140886025153,13.160200608035856,2.572832891168883e-06,7.120440663509713e-06,1.2074826319582531e-06,2.7396977590897088e-05,5.903755718831267e-06,6.093134350052908e-12,46.77,140.0,FAIL,1
nsga2_20260905_161011,20260905_161011,nsga2,2.676253616508611,5.594014761499795,8.66315044088644,4.321457427806727e-05,4.150400114796209e-05,7.300991063243728e-06,6.879859893524739e-05,6.412963194392288e-06,8.805002603632684e-12,88.44,139.5,PASS,1
nsga2_20260905_161011,20260905_161011,nsga2,3.5084995687890865,8.233990714578471,7.444702962823298,1.002379443258777e-05,3.5838325252457174e-05,1.2653543099134716e-06,8.888081545625827e-05,6.372972108723694e-06,9.72467615579269e-12,68.9,110.5,FAIL,1
nsga2_20260905_161011,20260905_161011,nsga2,3.9023510278759668,5.545782394433655,5.8334910264577555,3.5984972846122907e-06,4.963004481742269e-05,7.749721059168504e-06,6.98799889971032e-05,8.920728596558924e-06,1.7855137279168229e-12,58.629999999999995,88.89,FAIL,1
nsga2_20260905_161011,20260905_161011,nsga2,12.88415135163581,5.6210938218202156,5.880481877314952,1.0552508573002767e-05,2.6002970963974637e-05,7.749721059168504e-06,4.1171871729075944e-05,9.437581414214636e-06,7.813686005352154e-12,39.11,101.8,FAIL,1
nsga2_20260905_161011,20260905_161011,nsga2,4.1151042759873615,8.033506327676994,5.902489084936182,2.8822274888473576e-05,5.270526345927673e-05,7.692177549289361e-06,9.268227548661759e-05,6.475110019414446e-06,3.657108300964262e-12,87.97,128.7,PASS,1
nsga2_20260905_161011,20260905_161011,nsga2,5.064210640233136,9.868157195134323,6.459325655284463,4.289102646420329e-06,2.6649386110399545e-05,7.749721059168504e-06,6.98799889971032e-05,6.47512843097006e-06,4.4078868074342485e-12,54.17,95.42,FAIL,1
nsga2_20260905_161011,20260905_161011,nsga2,19.74784614913036,2.136858729320961,13.10095518879777,2.7086020493840387e-06,7.912830536300956e-06,7.833783479744502e-06,6.886403324904634e-05,6.2835673552269774e-06,9.821501533636206e-12,34.85,100.1,FAIL,1
nsga2_20260905_161011,20260905_161011,nsga2,1.6016344105851528,4.549079907722362,13.819098513260771,3.5362455856864e-05,4.2253219041047273e-05,9.731250250924291e-06,4.704655533630908e-05,5.34788087251751e-06,2.0991271552880826e-12,71.22,105.4,FAIL,1
nsga2_20260905_161011,20260905_161011,nsga2,19.295978455714206,10.333763907857163,5.882444537989546,3.937546597831008e-06,2.792226774865846e-05,7.783879141196541e-06,6.602926775899746e-05,6.469184066943925e-06,8.209665445704429e-12,76.42,153.1,FAIL,1
nsga2_20260905_161011,20260905_161011,nsga2,1.662549196748702,6.476773688743796,14.293362097319044,2.8353335314604707e-05,1.6107936888475254e-05,2.7679162953307873e-06,9.434479759346488e-05,6.499263444022395e-06,3.6092229179540286e-12,57.13,94.53,FAIL,1
nsga2_20260905_161011,20260905_161011,nsga2,3.4383145877459693,8.440757029801135,6.59030066667064,2.8822274888473576e-05,9.461272950055193e-06,2.780145847072775e-06,9.268227548661759e-05,6.274320903084751e-06,2.294151870430411e-12,81.8,109.4,FAIL,1
nsga2_20260905_161011,20260905_161011,nsga2,3.5084995687890865,8.347880890265369,7.444702962823298,4.647378854827393e-05,1.6366556319798797e-05,1.2593973021428956e-06,9.270247867515104e-05,5.658882681564185e-06,8.725514978141908e-12,84.43,86.65,FAIL,1
nsga2_20260905_161011,20260905_161011,nsga2,7.9396634615328345,2.2832118776135673,2.81464229602442,8.979772733272602e-07,1.9776802826172354e-06,1.26900404032325e-06,9.5199825378699e-05,2.979903879617638e-06,9.30418979564081e-12,29.35,106.3,FAIL,1
nsga2_20260905_161011,20260905_161011,nsga2,4.587200978804029,5.491950337158035,8.5927660325313,3.498642274576935e-05,5.1632534900835915e-05,7.550852412470127e-06,9.722803166903519e-05,5.500445795389974e-06,3.657108300964262e-12,87.27,145.5,PASS,1
nsga2_20260905_161011,20260905_161011,nsga2,3.4303306275475207,2.943421766040875,6.354672163319208,2.0782788246755843e-05,7.668926246925989e-05,6.315278897504995e-06,8.648390143700938e-05,7.244799299583925e-06,6.450837575871549e-12,91.78,19.43,FAIL,1
nsga2_20260905_161011,20260905_161011,nsga2,8.066233259650911,2.1018856123967913,12.773943610447288,2.573380075608973e-06,7.120440663509713e-06,1.2594538032771295e-06,8.991849285317559e-05,4.510262990744125e-06,6.203656231299816e-12,35.2,116.4,FAIL,1
nsga2_20260905_161011,20260905_161011,nsga2,1.6014764530806125,9.563060027949396,13.819098513260771,2.8849760498322005e-05,4.25008329412752e-05,9.612778767643399e-06,7.202362081109372e-05,8.031433397649415e-06,2.02778563673659e-12,64.61,80.12,FAIL,1
nsga2_20260905_161011,20260905_161011,nsga2,6.7358803744541165,8.328805819842694,7.444702962823298,1.0944374022710056e-06,1.6004169463473627e-05,1.2726795518882658e-06,8.618798436190752e-05,5.847655247147164e-06,2.2926342121250522e-12,38.03,92.64,FAIL,1
nsga2_20260905_161011,20260905_161011,nsga2,13.28773560475302,4.068967606207394,6.626004225959888,5.581189677665782e-06,2.561750873467458e-05,7.517947935062957e-06,8.943583334926923e-05,6.173759799424065e-06,7.581305204023489e-12,74.66,120.5,FAIL,1
nsga2_20260905_161011,20260905_161011,nsga2,4.656072213085964,13.50381230010581,6.60512241330487,2.8879896964019622e-05,5.1632534900835915e-05,9.882796437709468e-06,9.722803166903519e-05,5.500445795389974e-06,3.657108300964262e-12,85.93,117.9,PASS,1
nsga2_20260905_161011,20260905_161011,nsga2,3.4361033418811164,3.949299606875046,6.354672163319208,3.3519452289047396e-05,7.668926246925989e-05,9.70588507970969e-06,8.96469264180521e-05,7.244799299583925e-06,6.372804846167846e-12,90.27,139.8,PASS,1
nsga2_20260905_161011,20260905_161011,nsga2,9.406004213699225,2.1018856123967913,13.160200608035856,2.613247327560588e-06,7.120440663509713e-06,1.2594538032771295e-06,2.7396977590897088e-05,4.510262990744125e-06,8.359559401366142e-12,43.05,152.6,FAIL,1
nsga2_20260905_161011,20260905_161011,nsga2,3.511397990764718,4.529544597350176,13.095321523880157,4.3759727711690914e-05,3.971445311609954e-05,1.960380626015989e-06,9.474120237909683e-05,6.32240748831074e-06,2.05038871102902e-12,89.52,73.01,PASS,1
nsga2_20260905_161011,20260905_161011,nsga2,13.014326743156381,8.355503291363725,13.837883671413248,4.199347152842924e-05,1.5649550102371402e-05,5.06559794149333e-06,4.586719343125795e-05,1.6639936823055022e-06,2.2068469370820725e-12,70.75,92.61,FAIL,1
nsga2_20260905_161011,20260905_161011,nsga2,13.179405015495316,9.276117422219157,7.483231722258462,3.597651262915342e-05,2.6270051970255862e-05,1.273537888173385e-06,9.270247867515104e-05,7.443205959426186e-06,7.860367751497442e-12,43.36,137.6,FAIL,1
nsga2_20260905_161011,20260905_161011,nsga2,13.014326743156381,7.961120022293121,12.788449794277728,3.8078116591025984e-06,3.55290725812119e-05,5.661477407229867e-06,7.164492703091814e-05,2.6274357574154244e-06,9.464980858524964e-12,37.33,102.5,FAIL,1
nsga2_20260905_161011,20260905_161011,nsga2,18.49483499609058,9.868157195134323,6.568293459049411,3.937546597831008e-06,2.792226774865846e-05,2.822274834170495e-06,6.602926775899746e-05,6.274339314640366e-06,8.216242362179744e-12,79.6,44.15,FAIL,1
nsga2_20260905_161011,20260905_161011,nsga2,19.04495974997656,9.526435450542369,2.170971877694831,2.9449305199848733e-05,6.726346219331056e-05,6.387129112738342e-07,7.319062548499272e-05,7.974550228925235e-06,9.215082646340955e-12,18.460000000000008,109.7,FAIL,1
nsga2_20260905_161011,20260905_161011,nsga2,9.078460851509327,5.702675156730614,14.355235206539826,2.5808147240424152e-05,1.5660952011375893e-05,1.2594538032771295e-06,3.169521534829638e-05,6.119748297493362e-06,4.418939768056233e-12,42.76,126.9,FAIL,1
nsga2_20260905_161011,20260905_161011,nsga2,1.8188266294006237,9.868157195134323,4.344717057808736,3.937546597831008e-06,2.6635161814979437e-05,7.80688599479687e-06,1.4183281416589396e-05,6.47512843097006e-06,4.290550993785503e-12,88.65,118.7,PASS,1
nsga2_20260905_161011,20260905_161011,nsga2,3.4361033418811164,3.967998052387697,5.895928799919462,3.4959721760976637e-06,7.668926246925989e-05,6.265197446609819e-06,6.949425125830853e-05,7.244799299583925e-06,6.378590695360623e-12,56.53999999999999,112.7,FAIL,1
nsga2_20260905_161011,20260905_161011,nsga2,19.233240095948975,4.353788276971896,5.488671394142738,6.439739888529229e-06,2.745639214328802e-05,7.749721059168504e-06,6.501677691472572e-05,6.412556308510617e-06,4.375714557664292e-12,51.96,148.2,FAIL,1
nsga2_20260905_161011,20260905_161011,nsga2,19.077422689793014,4.549079907722362,15.355016624575198,2.865706051823916e-05,1.612216118393373e-05,9.487076355224144e-06,7.138825858233073e-05,5.34788087251751e-06,2.3916214680162012e-12,75.38,135.9,FAIL,1
nsga2_20260905_161011,20260905_161011,nsga2,12.88415135163581,5.602395376308382,6.339225240714699,2.1216054375626053e-05,2.6002970963974637e-05,7.799802510047786e-06,8.68696390113643e-05,9.326437871880068e-06,7.58085721284273e-12,42.82,107.0,FAIL,1
nsga2_20260905_161011,20260905_161011,nsga2,3.511397990764718,11.80946635772291,13.48713329650997,4.3759727711690914e-05,5.442449633510242e-05,1.8020999036795235e-06,8.299948212497117e-05,6.461123179813189e-06,2.05038871102902e-12,90.89,71.67,PASS,1
nsga2_20260905_161011,20260905_161011,nsga2,4.371488147945709,13.763417210552188,5.882444537989546,4.4360746609433906e-05,5.447168990948043e-05,7.783879141196541e-06,6.602926775899746e-05,5.742332679664229e-06,8.209665445704429e-12,75.98,140.2,FAIL,1
nsga2_20260905_161011,20260905_161011,nsga2,7.9497367096178175,2.1018856123967913,13.160200608035856,2.611862774530739e-06,7.120440663509713e-06,1.2594538032771295e-06,2.7396977590897088e-05,4.510262990744125e-06,8.295529268306498e-12,42.66,161.1,FAIL,1
nsga2_20260905_161011,20260905_161011,nsga2,2.588573162455308,3.949299606875046,6.354672163319208,3.3519452289047396e-05,7.668926246925989e-05,9.70588507970969e-06,8.96469264180521e-05,7.244799299583925e-06,2.3010986994500683e-12,90.27,125.3,PASS,1
nsga2_20260905_161011,20260905_161011,nsga2,19.53046245603398,5.729480900807047,13.063995098458232,2.5883923754593857e-05,1.607249137334163e-05,7.833783479744502e-06,6.931154912561033e-05,6.276806989750945e-06,9.821501533636206e-12,60.05,142.7,FAIL,1
nsga2_20260905_161011,20260905_161011,nsga2,12.723656238224851,8.241613115676827,13.837883671413248,1.0434196790862533e-05,3.593791902418147e-05,5.661477407229867e-06,4.4368713707861534e-05,5.54319141028301e-06,5.332209224263682e-12,79.2,68.28,FAIL,1
nsga2_20260905_161011,20260905_161011,nsga2,19.74784614913036,5.729480900807047,19.42858285110652,2.594860870172957e-05,1.3433428302322123e-05,7.779323390691765e-06,6.931154912561033e-05,6.323531360003884e-06,9.874175593088876e-12,75.36,146.3,FAIL,1
nsga2_20260905_161011,20260905_161011,nsga2,12.58015607533028,5.599724917273726,5.880481877314952,3.926121762208442e-06,4.201969474647557e-05,7.749721059168504e-06,6.98799889971032e-05,9.326437871880068e-06,8.77261912294563e-12,81.68,43.68,FAIL,1
nsga2_20260905_161011,20260905_161011,nsga2,4.193204233903607,9.873157536197974,7.4414110945749785,3.5807758537943264e-05,5.883818895090964e-05,7.515410000361626e-06,9.270247867515104e-05,6.3575838530155444e-06,2.0549745726331627e-12,88.13,122.3,PASS,1
nsga2_20260905_161011,20260905_161011,nsga2,3.4361033418811164,3.949299606875046,6.354672163319208,2.661165552807173e-05,3.9158621317999633e-05,6.315278897504995e-06,6.995452407082808e-05,6.412168018979956e-06,2.211692215007062e-12,88.19,125.3,PASS,1
nsga2_20260905_161011,20260905_161011,nsga2,3.516244920537229,8.574328903943975,6.541777132358572,4.351767158567043e-05,6.83578392284847e-05,2.173446301061625e-06,3.0755871986706514e-05,4.291409566975998e-06,8.146873120626746e-12,53.86,137.7,FAIL,1
nsga2_20260905_161011,20260905_161011,nsga2,4.587200978804029,13.457388211565618,8.5927660325313,3.0152371562575614e-05,5.162672548905463e-05,1.810962267068891e-06,9.722803166903519e-05,5.500445795389974e-06,3.657108300964262e-12,88.26,84.23,PASS,1
nsga2_20260905_161011,20260905_161011,nsga2,3.5724922493243922,2.943421766040875,6.354672163319208,2.0782788246755843e-05,7.668926246925989e-05,6.315278897504995e-06,8.648390143700938e-05,7.244799299583925e-06,6.450837575871549e-12,90.06,7.366,FAIL,1
nsga2_20260905_161011,20260905_161011,nsga2,7.951027054429825,2.1018856123967913,7.270205764731746,3.493324346578135e-06,7.120440663509713e-06,1.2594538032771295e-06,9.33757532299334e-05,4.510262990744125e-06,6.208366582185046e-12,44.72,141.1,FAIL,1
nsga2_20260905_161011,20260905_161011,nsga2,5.028985926622453,13.688270681923582,6.501495081743167,2.4848563633848043e-05,1.2817219625934324e-05,7.643183141276993e-06,9.972782948235615e-05,6.2835673552269774e-06,9.844946140788351e-12,82.15,122.8,FAIL,1
nsga2_20260905_161011,20260905_161011,nsga2,13.014326743156381,8.909086833159463,13.837883671413248,7.291637739608184e-06,3.55290725812119e-05,5.707688532295249e-06,4.293680980608057e-05,5.639248862858719e-06,9.692453086862538e-12,78.52,131.7,FAIL,1
nsga2_20260905_161011,20260905_161011,nsga2,3.5588075091933256,4.605836299070333,13.160311699047778,2.613247327560588e-06,4.107074716355371e-05,1.2594538032771295e-06,2.7396977590897088e-05,4.510262990744125e-06,8.714250974987827e-12,47.29,113.9,FAIL,1
nsga2_20260905_161011,20260905_161011,nsga2,12.665738649818707,9.63678009325954,7.4414110945749785,3.5510884081186816e-05,6.670549438770904e-05,1.2763308715800452e-06,3.931147399542511e-05,6.926883671847888e-06,2.0549745726331627e-12,31.87000000000001,102.2,FAIL,1
nsga2_20260905_161011,20260905_161011,nsga2,4.254241988896643,2.391140886025153,13.160200608035856,3.85854975358323e-06,7.120440663509713e-06,1.7881536556927323e-06,3.595916482601231e-05,6.04153006276847e-06,8.565986574185713e-12,45.63,123.9,FAIL,1
nsga2_20260905_161011,20260905_161011,nsga2,18.617509567147785,9.868157195134323,4.344717057808736,3.937546597831008e-06,2.6635161814979437e-05,7.80688599479687e-06,1.4183281416589396e-05,6.47512843097006e-06,3.2946145355018144e-12,30.830000000000005,97.12,FAIL,1
nsga2_20260905_161011,20260905_161011,nsga2,3.425793513802664,2.943421766040875,6.256944365194172,2.0782788246755843e-05,4.555721729649082e-05,6.315278897504995e-06,8.648390143700938e-05,7.244799299583925e-06,8.869732964159418e-12,89.75,149.9,PASS,1
nsga2_20260905_161011,20260905_161011,nsga2,3.4398108509354666,3.943257232627865,6.414156295200298,4.3759727711690914e-05,3.989115536951707e-05,1.609757454795761e-06,9.407966607085744e-05,6.411976955294971e-06,6.669787922458493e-12,91.89,58.57,FAIL,1
nsga2_20260905_161011,20260905_161011,nsga2,3.4718664562139177,3.949299606875046,6.362801517317272,3.349458399293852e-05,7.765796894309807e-05,1.645987428601034e-06,8.96469264180521e-05,7.244799299583925e-06,6.333993344194888e-12,92.59,15.200000000000003,FAIL,1
nsga2_20260905_161011,20260905_161011,nsga2,7.947970199857018,6.649600964293022,13.009270124589547,2.6421815821206838e-05,6.175346397216255e-05,1.8819556446422407e-06,7.545383470597109e-05,4.2736071780814325e-06,9.190220588609194e-12,87.49,30.45,FAIL,1
nsga2_20260905_161011,20260905_161011,nsga2,3.2580451198867597,12.991061621501817,6.578061464889311,4.351767158567043e-05,5.270526345927673e-05,2.239471370133521e-06,9.268136773657703e-05,6.424593154595179e-06,2.2539482611030114e-12,92.16,71.48,PASS,1
nsga2_20260905_161011,20260905_161011,nsga2,18.3788682993142,10.243911792211124,13.48713329650997,3.413444654602146e-06,2.787507418117379e-05,1.8020999036795235e-06,8.299948212497117e-05,6.461123179813189e-06,2.05038871102902e-12,49.95,103.5,FAIL,1
nsga2_20260905_161011,20260905_161011,nsga2,9.40729455851123,2.1018856123967913,13.160200608035856,2.5747646286388216e-06,7.120440663509713e-06,1.2594538032771295e-06,2.7396977590897088e-05,4.510262990744125e-06,6.2676863525168346e-12,42.84,153.1,FAIL,1
nsga2_20260905_161011,20260905_161011,nsga2,3.436040296541823,3.949299606875046,6.354672163319208,4.635708387556985e-05,7.668926246925989e-05,4.687128200572385e-06,8.648390143700938e-05,7.244799299583925e-06,6.057510282090902e-12,91.47,37.95,FAIL,1
nsga2_20260905_161011,20260905_161011,nsga2,7.699040485986322,2.391140886025153,14.42487510313499,2.612700143120498e-06,7.120440663509713e-06,1.7663246718600778e-06,2.7396977590897088e-05,6.0482904282445034e-06,8.249037558677683e-12,44.17,147.2,FAIL,1
nsga2_20260905_161011,20260905_161011,nsga2,4.744504649152348,13.50381230010581,6.60512241330487,3.498642274576935e-05,5.122368845786682e-05,1.920805782650798e-06,9.561753561667742e-05,1.6213053374809574e-06,9.540730850201036e-12,66.27,87.03,FAIL,1
nsga2_20260905_161011,20260905_161011,nsga2,3.4278024877269666,8.049075877690083,6.763402126424015,4.351767158567043e-05,5.270526345927673e-05,2.764731446701864e-06,9.268136773657703e-05,6.424593154595179e-06,3.651898927343588e-12,92.63,154.2,PASS,1
nsga2_20260905_161011,20260905_161011,nsga2,2.981847549170835,5.621153800430088,8.66315044088644,4.3759727711690914e-05,2.6032952043735145e-05,1.3215058434484973e-06,6.946288325219208e-05,6.322104443675073e-06,7.619026542208256e-12,90.02,85.54,PASS,1
nsga2_20260905_161011,20260905_161011,nsga2,19.233240095948975,9.172928249972736,5.880481877314952,3.7701039931111867e-06,2.792226774865846e-05,1.510900150271043e-06,6.602926775899746e-05,7.152779044271923e-06,8.216242362179744e-12,75.13,29.730000000000004,FAIL,1
nsga2_20260905_161011,20260905_161011,nsga2,3.5292426927841687,9.177928591036387,8.24565685554505,2.0755172621495708e-05,7.691105841614636e-05,1.273537888173385e-06,8.623297392961031e-05,7.2323487050445295e-06,6.216194799095022e-12,85.75,42.4,FAIL,1
nsga2_20260905_161011,20260905_161011,nsga2,12.781619195621476,5.64397122537394,5.875311654141237,3.926121762208442e-06,2.6002970963974637e-05,7.43689746425733e-06,6.929482915795481e-05,9.326437871880068e-06,7.60575550180245e-12,79.74,151.9,FAIL,1
nsga2_20260905_161011,20260905_161011,nsga2,5.5375856235678675,5.53837513667724,6.60512241330487,3.490835457463665e-05,5.1538570029705824e-05,7.66104148287675e-06,8.221696013959016e-05,5.500445795389974e-06,3.741544694513789e-12,83.05,147.9,FAIL,1
nsga2_20260905_161011,20260905_161011,nsga2,4.656072213085964,15.220900621473874,6.602576757180098,3.426063694808282e-05,5.162770668507757e-05,2.3175001109536134e-06,9.336992968588762e-05,5.53187630158484e-06,3.2100989494084665e-12,90.77,51.17,FAIL,1
nsga2_20260905_161011,20260905_161011,nsga2,3.5520209077320883,9.177928591036387,13.334697807333683,4.311120921142401e-05,4.204967582620979e-05,9.914551164664288e-07,2.6647673795128725e-05,6.411976955294971e-06,2.0503611358970746e-12,49.37,116.1,FAIL,1
nsga2_20260905_161011,20260905_161011,nsga2,19.87382857435101,5.545023656234015,12.440935535817339,3.498642274576935e-05,5.48885303109004e-05,2.36757531222438e-06,6.526388940091799e-05,5.500445795389974e-06,3.557724767009286e-12,42.34,140.1,FAIL,1
nsga2_20260905_161011,20260905_161011,nsga2,4.587200978804029,5.491950337158035,8.5927660325313,3.4265456450901766e-05,5.1632534900835915e-05,7.6099617549330855e-06,9.722803166903519e-05,1.5253570761435187e-06,3.657108300964262e-12,54.39999999999999,101.4,FAIL,1
nsga2_20260905_161011,20260905_161011,nsga2,9.358599422489348,2.0255995455909854,13.095210432868235,4.3759727711690914e-05,5.776769758794022e-06,1.406525005916595e-06,9.474120237909683e-05,6.32240748831074e-06,1.7051717161167554e-12,77.7,90.06,FAIL,1
nsga2_20260905_161011,20260905_161011,nsga2,3.189042076473215,7.961120022293121,13.837883671413248,1.2055542368397964e-05,3.55290725812119e-05,5.661477407229867e-06,9.610193430453758e-05,1.6639936823055022e-06,9.692453086862538e-12,38.05,96.08,FAIL,1
nsga2_20260905_161011,20260905_161011,nsga2,10.633304601331023,9.177928591036387,7.4414110945749785,3.4429084449613865e-05,4.989712581984838e-05,1.2517089043483759e-06,8.411019729923146e-05,6.424325636373791e-06,1.7455237272834904e-12,49.32,121.9,FAIL,1
nsga2_20260905_161011,20260905_161011,nsga2,2.4282733604513655,9.868157195134323,5.880481877314952,3.937546597831008e-06,2.792226774865846e-05,7.749721059168504e-06,6.602926775899746e-05,6.47512843097006e-06,8.216242362179744e-12,49.58,92.17,FAIL,1
nsga2_20260905_161011,20260905_161011,nsga2,2.680790730253487,5.594014761499795,4.7340241859902354,4.321457427806727e-05,7.393904111490769e-05,7.300991063243728e-06,7.345823280611763e-05,6.501928336404416e-06,6.386105269417726e-12,87.42,143.5,PASS,1
nsga2_20260905_161011,20260905_161011,nsga2,3.507690481710368,4.535586971597358,13.090167265893566,2.0782788246755843e-05,7.65125589949127e-05,6.507956585239282e-06,8.648390143700938e-05,7.244799299583925e-06,2.3017722237442428e-12,71.77,100.7,FAIL,1
nsga2_20260905_161011,20260905_161011,nsga2,4.6203090987532835,12.857427630431445,6.596993059306805,3.0099171687551787e-05,5.153276061792455e-05,9.627800005163858e-06,8.221696013959016e-05,5.500445795389974e-06,3.650573058287262e-12,86.82,129.0,PASS,1
nsga2_20260905_161011,20260905_161011,nsga2,1.8170772539459676,2.1100265428522307,2.9021547705086164,2.612700143120498e-06,7.120440663509713e-06,1.2594538032771295e-06,2.7396977590897088e-05,5.97540164596818e-06,8.296591383007203e-12,64.38,100.7,FAIL,1
nsga2_20260905_161011,20260905_161011,nsga2,3.5750552769562267,7.908169494259963,7.641006848197708,4.354904259213991e-05,4.0226082834833133e-05,2.769676632237839e-06,9.336992968588762e-05,5.488097114311154e-06,4.116046105828993e-12,90.16,76.95,PASS,1
nsga2_20260905_161011,20260905_161011,nsga2,12.884115906916158,5.511568507383519,5.880481877314952,3.926121762208442e-06,2.6002970963974637e-05,7.749076071038872e-06,7.13496285357864e-05,9.326437871880068e-06,7.58664306203564e-12,79.64,150.9,FAIL,1
nsga2_20260905_161011,20260905_161011,nsga2,12.768980591143105,4.138190852134782,7.012261232179709,3.482691656968143e-06,2.6037424417393013e-05,7.717563081874609e-06,2.5430512226495556e-05,6.173759799424065e-06,7.58664306203564e-12,69.14,149.6,FAIL,1
nsga2_20260905_161011,20260905_161011,nsga2,4.5264321958647935,6.5104609040160435,8.036124168066609,1.3054901097144978e-05,1.6363337162253932e-05,7.550693943207107e-06,2.853966994484574e-05,6.0886748189578034e-06,3.5088017175556414e-12,70.98,124.4,FAIL,1
nsga2_20260905_161011,20260905_161011,nsga2,8.079086835375575,2.1018856123967913,13.160200608035856,3.3591423102324607e-06,7.670598441492934e-05,1.1140099378155915e-06,2.7396977590897088e-05,4.510262990744125e-06,8.295529268306498e-12,54.06999999999999,79.23,FAIL,1
nsga2_20260905_161011,20260905_161011,nsga2,12.781619195621476,5.64397122537394,5.875311654141237,3.926121762208442e-06,2.6002970963974637e-05,7.421753882935769e-06,6.929482915795481e-05,9.326437871880068e-06,7.60575550180245e-12,79.75,151.8,FAIL,1
nsga2_20260905_161011,20260905_161011,nsga2,12.910802214198066,5.6210938218202156,5.880481877314952,3.0729810343575e-06,5.009175087539034e-05,7.749721059168504e-06,9.896058443397966e-05,5.477848280284451e-06,3.799636221484971e-12,52.88,123.7,FAIL,1
nsga2_20260905_161011,20260905_161011,nsga2,3.4278024877269666,8.049075877690083,6.578061464889311,4.351767158567043e-05,5.270526345927673e-05,2.764731446701864e-06,9.268136773657703e-05,6.4320670017884825e-06,3.12904136901886e-12,92.51,68.83,PASS,1
nsga2_20260905_161011,20260905_161011,nsga2,7.951027054429825,2.1018856123967913,13.149545578079765,9.967951444224723e-06,7.120440663509713e-06,1.2594538032771295e-06,2.694157286312836e-05,4.510262990744125e-06,6.103871193096936e-12,76.14,80.63,FAIL,1
nsga2_20260905_161011,20260905_161011,nsga2,3.4718664562139177,3.3398967552429486,6.362801517317272,3.299505502134281e-05,7.669522394559451e-05,1.7800432959065738e-06,8.169899007614964e-05,7.244799299583925e-06,6.333579364577635e-12,91.84,13.269999999999996,FAIL,1
nsga2_20260905_161011,20260905_161011,nsga2,3.5098747214655246,3.943257232627865,7.8150062881215785,4.3759727711690914e-05,5.4522618054209e-05,1.818104141339069e-06,9.407966607085744e-05,6.461485145447496e-06,6.736690002145264e-12,89.87,42.02,FAIL,1
nsga2_20260905_161011,20260905_161011,nsga2,3.404423295036035,3.9222152903203686,6.354672163319208,4.3632136062512926e-05,7.726144158966443e-05,1.3265981659405724e-06,6.880783377831987e-05,7.244799299583925e-06,6.372804846167846e-12,90.56,17.72,FAIL,1
nsga2_20260905_161011,20260905_161011,nsga2,3.436042074504088,3.949299606875046,4.5323052998564615,4.4390081066351616e-05,7.668926246925989e-05,6.306760648737368e-06,8.648390143700938e-05,7.256092610667376e-06,1.98593310839479e-12,90.94,138.7,PASS,1
nsga2_20260905_161011,20260905_161011,nsga2,19.78174165425595,8.103636960121733,5.882444537989546,3.937546597831008e-06,2.918932134306402e-05,7.783879141196541e-06,6.47084019783622e-05,6.106046048819818e-06,8.209665445704429e-12,76.0,152.3,FAIL,1
nsga2_20260905_161011,20260905_161011,nsga2,3.2589265695625795,12.991061621501817,7.638838316628395,4.700550947189813e-05,5.790941481990081e-05,2.239471370133521e-06,9.268136773657703e-05,6.424593154595179e-06,3.1122308873540883e-12,92.55,67.28,PASS,1
nsga2_20260905_161011,20260905_161011,nsga2,9.31787875285829,2.1018856123967913,13.160200608035856,2.5747646286388216e-06,7.120440663509713e-06,2.062514820707593e-06,2.748809509350794e-05,6.508368947971669e-06,6.15307593674776e-12,44.78,149.6,FAIL,1
nsga2_20260905_161011,20260905_161011,nsga2,3.1432803699082714,1.9485235930250346,13.402161281153404,4.229148843970782e-05,5.4937944014628755e-05,1.2017640507895255e-06,9.268136773657703e-05,4.584768960122321e-06,3.651898927343588e-12,65.78,71.99,FAIL,1
nsga2_20260905_161011,20260905_161011,nsga2,9.43577961448527,8.975579442013618,13.07536956863546,3.937546597831008e-06,2.792226774865846e-05,7.906487829425564e-06,6.602926775899746e-05,6.47512843097006e-06,8.216242362179744e-12,46.69,98.55,FAIL,1
nsga2_20260905_161011,20260905_161011,nsga2,13.014326743156381,8.241613115676827,13.19875888437075,1.0434196790862533e-05,3.8439954551812745e-05,5.4820704478815746e-06,4.293680980608057e-05,1.6771649512617461e-06,9.692453086862538e-12,49.4,136.2,FAIL,1
nsga2_20260905_161011,20260905_161011,nsga2,5.5375856235678675,5.53837513667724,6.60512241330487,3.490835457463665e-05,5.273020503560958e-05,7.66104148287675e-06,8.221696013959016e-05,5.500445795389974e-06,3.741544694513789e-12,83.38,148.3,FAIL,1
nsga2_20260905_161011,20260905_161011,nsga2,4.820681591926878,13.166038749729122,6.366754274724239,4.244719963163401e-05,5.270526345927673e-05,1.3138807555345894e-06,7.096537274863889e-05,6.424593154595179e-06,8.611757512646574e-12,59.3,142.4,FAIL,1
nsga2_20260905_161011,20260905_161011,nsga2,3.263086195889181,3.886903514918232,7.46694625884785,4.129243145464768e-06,2.7022877286245764e-05,6.254162497089473e-07,2.5132522432284285e-05,6.972336661972586e-06,7.614483094400947e-12,69.55,55.16,FAIL,1
nsga2_20260905_161011,20260905_161011,nsga2,3.4274605922298877,3.943257232627865,6.091649366335076,4.3759727711690914e-05,3.8976970881891295e-05,1.609757454795761e-06,9.407966607085744e-05,6.411976955294971e-06,6.649543408113586e-12,91.82,59.59,FAIL,1
nsga2_20260905_161011,20260905_161011,nsga2,1.8188266294006237,5.481235456872971,4.344717057808736,3.937546597831008e-06,2.6635161814979437e-05,7.80688599479687e-06,1.4183281416589396e-05,6.47512843097006e-06,4.290550993785503e-12,88.5,123.3,PASS,1
nsga2_20260905_161011,20260905_161011,nsga2,2.1434111869513854,3.949299606875046,6.354672163319208,2.0782788246755843e-05,7.668926246925989e-05,6.315278897504995e-06,8.648390143700938e-05,7.244799299583925e-06,6.372804846167846e-12,79.47,59.67,FAIL,1
nsga2_20260905_161011,20260905_161011,nsga2,4.97711529091846,13.50381230010581,7.044259918588607,3.5222587665045637e-05,4.2147360090018745e-05,1.920805782650798e-06,7.126888740957824e-05,5.500445795389974e-06,3.657108300964262e-12,86.61,57.69,FAIL,1
nsga2_20260905_161011,20260905_161011,nsga2,9.406004213699225,7.9591892925454015,12.924952701648271,4.26273509965588e-05,5.1523448722980974e-05,1.2594538032771295e-06,2.7396977590897088e-05,6.425550024194446e-06,8.359559401366142e-12,37.11,112.6,FAIL,1
nsga2_20260905_161011,20260905_161011,nsga2,7.918748044529173,2.002653062516175,13.858237165484484,3.498642274576935e-05,5.1632534900835915e-05,1.262714416923736e-06,9.722803166903519e-05,5.470228928698843e-06,8.371722576152813e-12,88.28,33.08,FAIL,1
nsga2_20260905_161011,20260905_161011,nsga2,3.3009829404830855,2.943421766040875,6.354672163319208,2.0042486401612234e-05,7.166379615115837e-06,6.691839137775683e-06,8.648390143700938e-05,7.244799299583925e-06,6.450837575871549e-12,77.56,127.6,FAIL,1
nsga2_20260905_161011,20260905_161011,nsga2,2.680790730253487,5.594014761499795,4.265471365959466,4.321457427806727e-05,7.393904111490769e-05,7.300991063243728e-06,7.274130257066492e-05,6.501928336404416e-06,6.386105269417726e-12,74.02,139.1,FAIL,1
nsga2_20260905_161011,20260905_161011,nsga2,4.629427344423939,13.50381230010581,6.60512241330487,3.683961729007251e-05,2.7543754997353773e-05,1.920805782650798e-06,6.775032787819697e-05,9.348352264586517e-06,7.444115052172349e-12,54.39999999999999,118.2,FAIL,1
nsga2_20260905_161011,20260905_161011,nsga2,2.676253616508611,5.594014761499795,8.66315044088644,4.321457427806727e-05,4.150400114796209e-05,7.459079579840375e-06,6.946288325219208e-05,6.3159198802147526e-06,9.319916534273791e-12,88.5,140.3,PASS,1
nsga2_20260905_161011,20260905_161011,nsga2,13.942375616540183,8.241613115676827,13.848538701369337,3.0396983693522634e-06,3.55290725812119e-05,5.342722883086708e-06,4.339221453388708e-05,1.6639936823055022e-06,9.776795506347452e-12,32.5,101.7,FAIL,1
nsga2_20260905_161011,20260905_161011,nsga2,3.4361033418811164,3.949299606875046,8.554408642477656,3.3519452289047396e-05,7.765200746676345e-05,9.70588507970969e-06,8.96469264180521e-05,7.244799299583925e-06,6.373218825785099e-12,89.56,140.4,PASS,1
nsga2_20260905_161011,20260905_161011,nsga2,3.44133412023466,11.753530925878648,13.48713329650997,4.3759727711690914e-05,3.979303365041052e-05,1.5937532171362155e-06,8.299948212497117e-05,6.4116149896606635e-06,1.983884239205875e-12,83.63,90.31,FAIL,1
nsga2_20260905_161011,20260905_161011,nsga2,2.707933663353712,5.626869212439984,8.66315044088644,2.0910036585506605e-05,4.1477495138551e-05,6.308223452198908e-06,8.713895051870707e-05,6.322104443675073e-06,8.805002603632684e-12,68.09,135.5,FAIL,1
nsga2_20260905_161011,20260905_161011,nsga2,2.839390715695288,9.63678009325954,6.274806396859862,3.561450999333078e-05,4.989712581984838e-05,1.2831442981031043e-06,9.270247867515104e-05,7.2054157418941465e-06,2.0546906620699682e-12,91.8,46.54,FAIL,1
nsga2_20260905_161011,20260905_161011,nsga2,2.4714457094192444,10.279202825425514,6.763402126424015,4.351767158567043e-05,5.143820986735451e-05,2.764731446701864e-06,9.399888330264925e-05,6.424593154595179e-06,3.651898927343588e-12,87.41,98.58,PASS,1
nsga2_20260905_161011,20260905_161011,nsga2,3.5741738272804073,7.908169494259963,6.580229996458622,4.354904259213991e-05,4.0226082834833133e-05,2.769676632237839e-06,9.336992968588762e-05,5.488097114311154e-06,4.116046105828993e-12,90.41,75.46,PASS,1
nsga2_20260905_161011,20260905_161011,nsga2,19.35581341948812,10.333763907857163,5.882444537989546,3.937546597831008e-06,2.792226774865846e-05,6.982047427750882e-06,6.602926775899746e-05,4.471078109714667e-06,8.132518631979465e-12,74.26,130.4,FAIL,1
nsga2_20260905_161011,20260905_161011,nsga2,8.36027601230113,8.465923804338551,9.086039715816733,3.943884422731648e-06,4.9788406006440495e-06,2.8224231832932176e-06,2.7396977590897088e-05,6.350087185216652e-06,8.284569243473203e-12,74.02,135.8,FAIL,1
nsga2_20260905_161011,20260905_161011,nsga2,19.18940395161266,2.219773612880352,5.965313048421796,2.5747646286388216e-06,7.120440663509713e-06,1.1142360749529134e-06,2.7396977590897088e-05,4.510262990744125e-06,6.7571334879289266e-12,64.92,47.58,FAIL,1
nsga2_20260905_161011,20260905_161011,nsga2,7.951027054429825,2.1018856123967913,13.799325395078352,2.573380075608973e-06,4.24760375366777e-06,1.278390012819942e-06,2.7396977590897088e-05,4.497094818595607e-06,6.203656231299816e-12,39.17,129.1,FAIL,1
nsga2_20260905_161011,20260905_161011,nsga2,2.676253616508611,5.594014761499795,8.66315044088644,4.9290228297316263e-05,4.150400114796209e-05,7.300991063243728e-06,6.879859893524739e-05,6.412963194392288e-06,8.805002603632684e-12,88.15,140.7,PASS,1
nsga2_20260905_161011,20260905_161011,nsga2,2.670698857870894,5.424808681712863,8.87445763105172,4.3759727711690914e-05,4.204967582620979e-05,2.2470964597833962e-06,9.117875155229938e-05,6.322104443675073e-06,2.447067303918127e-12,90.92,77.12,PASS,1
nsga2_20260905_161011,20260905_161011,nsga2,12.34620285427866,9.888070837023513,6.986726067906838,3.499507363979732e-05,4.891167295450014e-05,8.051393835542757e-06,9.294180476820034e-05,6.128306809299367e-06,2.027796906756228e-12,46.86,107.7,FAIL,1
nsga2_20260905_161011,20260905_161011,nsga2,4.668422471791758,15.220900621473874,6.41184590804059,3.426063694808282e-05,5.254189117270336e-05,2.3175001109536134e-06,9.336992968588762e-05,5.53187630158484e-06,3.2303435637573196e-12,90.63,48.9,FAIL,1
nsga2_20260905_161011,20260905_161011,nsga2,4.587200978804029,9.878872076822352,8.5927660325313,3.498642274576935e-05,5.1632534900835915e-05,7.550852412470127e-06,9.722803166903519e-05,5.500445795389974e-06,3.657108300964262e-12,86.6,129.9,PASS,1
nsga2_20260905_161011,20260905_161011,nsga2,12.460580165850924,5.420435833170906,5.871366096729595,3.7160973754561037e-06,2.599262211324625e-05,7.43689746425733e-06,9.523301283261796e-05,9.326437871880068e-06,7.60575550180245e-12,75.29,125.5,FAIL,1
nsga2_20260905_161011,20260905_161011,nsga2,3.4278024877269666,2.19235444391073,6.99865003818187,3.6111286739328062e-06,8.312536173913066e-06,2.764731446701864e-06,9.268136773657703e-05,4.551447252739399e-06,3.651898927343588e-12,39.93,102.9,FAIL,1
nsga2_20260905_161011,20260905_161011,nsga2,11.040798812289127,5.511568507383519,5.880481877314952,3.907196969238311e-06,2.6002970963974637e-05,7.749807673690698e-06,7.13496285357864e-05,6.385972231715028e-06,7.58664306203564e-12,68.33,104.0,FAIL,1
nsga2_20260905_161011,20260905_161011,nsga2,19.295978455714206,4.315877283580784,5.882444537989546,3.937546597831008e-06,2.8678661236934374e-05,8.239744854808624e-06,6.778043978457744e-05,6.469184066943925e-06,1.982840392867335e-12,76.36,51.91,FAIL,1
nsga2_20260905_161011,20260905_161011,nsga2,19.886929263244962,10.923955908949948,5.880481877314952,3.927819806873336e-06,3.048564393145337e-05,7.748989456516677e-06,6.829935523345186e-05,9.40181683647615e-06,4.375714557664292e-12,62.85,140.1,FAIL,1
nsga2_20260905_161011,20260905_161011,nsga2,3.4092106173968295,8.574328903943975,6.541777132358572,4.351767158567043e-05,5.270526345927673e-05,4.781977194542732e-06,3.0170712128230297e-05,4.291409566975998e-06,8.165985560393555e-12,67.74,148.6,FAIL,1
nsga2_20260905_161011,20260905_161011,nsga2,2.676253616508611,5.594014761499795,8.66315044088644,4.321457427806727e-05,4.010152288643386e-05,7.459079579840375e-06,6.508345718638115e-05,6.320614267011536e-06,9.490212190419167e-12,87.78,141.8,PASS,1
nsga2_20260905_161011,20260905_161011,nsga2,2.7039197246218234,8.110465960811576,8.582013248933954,4.351880167614533e-05,4.2057597559738054e-05,2.764731446701864e-06,9.268136773657703e-05,6.424593154595179e-06,3.651898927343588e-12,89.8,139.7,PASS,1
nsga2_20260905_161011,20260905_161011,nsga2,3.471931176308804,3.3398967552429486,6.358096999446983,3.282656315237244e-05,7.91910468364537e-05,1.7800432959065738e-06,9.395065606940866e-05,7.244799299583925e-06,6.324334891855834e-12,93.28,12.480000000000004,FAIL,1
nsga2_20260905_161011,20260905_161011,nsga2,3.258524109339101,12.781700013985358,6.3510816603743905,4.635708387556985e-05,5.268440858496987e-05,4.687128200572385e-06,8.648390143700938e-05,7.2421921075654395e-06,6.057510282090902e-12,90.36,131.9,PASS,1
nsga2_20260905_161011,20260905_161011,nsga2,3.425914828463234,2.945327044650278,4.5323052998564615,4.433939889043705e-05,4.450369719150876e-05,6.306705324945927e-06,8.648390143700938e-05,7.256330703714503e-06,1.98593310839479e-12,89.31,131.2,PASS,1
nsga2_20260905_161011,20260905_161011,nsga2,2.670698857870894,5.424808681712863,7.646910756142595,4.3759727711690914e-05,4.223802502423506e-05,2.2470964597833962e-06,2.378330049132935e-05,6.322104443675073e-06,2.447067303918127e-12,50.54,109.2,FAIL,1
nsga2_20260905_161011,20260905_161011,nsga2,9.40729455851123,2.4814889549573405,13.160200608035856,2.5747646286388216e-06,7.120440663509713e-06,1.60921228820768e-06,2.9674842802193148e-05,6.459184330249712e-06,6.671833723256459e-12,45.79,151.4,FAIL,1
nsga2_20260905_161011,20260905_161011,nsga2,19.78174165425595,10.257616145647441,6.005237002156167,3.937546597831008e-06,3.5354359924038985e-05,7.783879141196541e-06,6.47084019783622e-05,1.7580019478689854e-06,8.15998433590591e-12,43.0,124.3,FAIL,1
nsga2_20260905_161011,20260905_161011,nsga2,4.44980500641454,2.132523818471001,13.25015498635081,3.3519452289047396e-05,6.712441447101399e-05,1.548642214446354e-06,9.158799368884973e-05,4.530384289440866e-06,8.150000406264718e-12,65.81,67.94,FAIL,1
nsga2_20260905_161011,20260905_161011,nsga2,3.4975780658452584,12.439393854222356,8.676483941338287,4.3759727711690914e-05,5.442449633510242e-05,1.8020999036795235e-06,8.299948212497117e-05,5.706262760947645e-06,2.05038871102902e-12,90.57,110.4,PASS,1
nsga2_20260905_161011,20260905_161011,nsga2,3.258833217165887,14.467798618218202,7.663626893937573,4.853748333825533e-05,5.790941481990081e-05,2.286288209093459e-06,9.268136773657703e-05,6.424593154595179e-06,6.56964695246834e-12,92.78,155.9,PASS,1
nsga2_20260905_161011,20260905_161011,nsga2,3.436042074504088,3.949299606875046,4.483149882669926,4.4390081066351616e-05,7.668926246925989e-05,6.3154612811794435e-06,8.580714553124665e-05,7.244384747542015e-06,1.9856491978315958e-12,77.95,129.2,FAIL,1
nsga2_20260905_161011,20260905_161011,nsga2,3.4278024877269666,8.049075877690083,5.600533160960063,1.0005598969094148e-05,5.3449392786802625e-05,2.764731446701864e-06,9.1869786103655e-05,1.4639255114469547e-06,3.651898927343588e-12,47.48,106.5,FAIL,1
nsga2_20260905_161011,20260905_161011,nsga2,2.821277546551272,3.1368264089568503,6.36396469821113,3.561450999333078e-05,4.989712581984838e-05,9.915916279492156e-07,9.270247867515104e-05,5.82187245156716e-06,6.300851904290698e-12,88.23,41.07,FAIL,1
nsga2_20260905_161011,20260905_161011,nsga2,5.5375856235678675,2.0778075644185394,6.251234098507115,2.0384526491807616e-06,4.44812772920454e-06,7.66104148287675e-06,8.221696013959016e-05,5.500445795389974e-06,3.741544694513789e-12,32.46,95.29,FAIL,1
nsga2_20260905_161011,20260905_161011,nsga2,9.40729455851123,2.1018856123967913,13.012883712017487,1.3692386736982977e-06,9.524520416814058e-06,1.2594538032771295e-06,9.265551840204164e-05,6.376137508068819e-06,6.2676863525168346e-12,33.88,111.6,FAIL,1
nsga2_20260905_161011,20260905_161011,nsga2,4.176422534210401,9.149225910091678,7.4341978095496755,4.3759727711690914e-05,3.850509661768096e-05,1.3215058434484973e-06,6.946288325219208e-05,6.33161205289943e-06,1.94947424795695e-12,87.28,57.13,FAIL,1
nsga2_20260905_161011,20260905_161011,nsga2,2.676253616508611,4.038006898738764,6.172635583195335,4.321457427806727e-05,4.173752421131007e-05,7.46947025061404e-06,6.946288325219208e-05,6.3159198802147526e-06,2.183806736769914e-12,86.65,126.2,PASS,1
nsga2_20260905_161011,20260905_161011,nsga2,7.893071053232788,2.216103480594957,6.277444848453037,2.564247797554897e-06,1.5633228934218924e-05,4.687128200572385e-06,2.909299212407919e-05,7.244799299583925e-06,5.9876124006098615e-12,78.16,148.7,FAIL,1
nsga2_20260905_161011,20260905_161011,nsga2,18.86779145541184,11.812843084682106,13.402041398572672,4.3759727711690914e-05,5.442449633510242e-05,2.4202152431127647e-06,6.541606098817363e-05,6.46928674084595e-06,2.05038871102902e-12,38.29,108.6,FAIL,1
nsga2_20260905_161011,20260905_161011,nsga2,4.16477071169083,5.642075466023215,5.875311654141237,3.926121762208442e-06,2.6002970963974637e-05,8.730399556778649e-06,6.929482915795481e-05,6.256414543740295e-06,2.4130569899612752e-12,51.04,93.75,FAIL,1
nsga2_20260905_161011,20260905_161011,nsga2,19.295978455714206,10.333763907857163,5.882444537989546,3.4334784044271518e-06,3.409792401116527e-05,7.783879141196541e-06,6.652905233359388e-05,6.546410524033266e-06,8.209665445704429e-12,77.12,150.8,FAIL,1
nsga2_20260905_161011,20260905_161011,nsga2,4.384770975592014,9.63678009325954,6.274806396859862,3.585371175611185e-05,4.989712581984838e-05,1.2831442981031043e-06,9.270247867515104e-05,7.2054157418941465e-06,2.0546906620699682e-12,87.43,37.74,FAIL,1
nsga2_20260905_161011,20260905_161011,nsga2,3.400136379613772,4.325834732498679,6.657235996168701,4.375859762121601e-05,5.2697341725748475e-05,1.2909265835096472e-06,6.232698325977186e-05,6.328048807701208e-06,8.811579520107905e-12,89.45,38.82,FAIL,1
nsga2_20260905_161011,20260905_161011,nsga2,3.4277377676320806,8.049075877690083,6.768106644294305,4.393806860509851e-05,5.270526345927673e-05,2.764731446701864e-06,8.042968671365275e-05,6.460322412902332e-06,3.661143401125034e-12,92.87,151.2,PASS,1
nsga2_20260905_161011,20260905_161011,nsga2,2.658429434222082,4.158704802299513,6.581651967834128,4.351767158567043e-05,7.671011733110383e-05,2.4656167767335954e-06,9.268136773657703e-05,6.427200346613664e-06,2.2539482611030114e-12,93.49,34.81,FAIL,1
nsga2_20260905_161011,20260905_161011,nsga2,3.4359207598435177,3.947394328265802,6.256944365194172,2.057550007140783e-05,8.159861009532758e-05,6.674435461654297e-06,8.550284332558625e-05,7.244561206536798e-06,8.869732964159418e-12,92.28,154.2,PASS,1
nsga2_20260905_161011,20260905_161011,nsga2,7.951027054429825,2.1018856123967913,13.227407400948252,2.573380075608973e-06,6.935965056481553e-06,1.2594538032771295e-06,9.457831469451514e-05,4.510262990744125e-06,5.870906652880111e-12,34.92,115.4,FAIL,1
nsga2_20260905_161011,20260905_161011,nsga2,3.4398108509354666,3.943257232627865,6.414156295200298,4.3759727711690914e-05,4.007419153402219e-05,1.7045941024290583e-06,9.172961366808041e-05,4.609532981270275e-06,6.265640551718869e-12,89.03,65.53,PASS,1
nsga2_20260905_161011,20260905_161011,nsga2,13.014326743156381,8.241613115676827,14.079641528292326,1.5872452913804347e-05,2.936403400023693e-05,5.661477407229867e-06,4.293680980608057e-05,5.763915214239313e-06,9.74169076288967e-12,55.73,158.3,FAIL,1
nsga2_20260905_161011,20260905_161011,nsga2,7.9497367096178175,4.237552019658398,6.264717840106889,2.611862774530739e-06,6.2030863765701706e-06,9.379854373731149e-06,2.4748764729150217e-05,7.22467799999761e-06,2.446839878782291e-12,54.06999999999999,102.7,FAIL,1
nsga2_20260905_161011,20260905_161011,nsga2,2.6900735414281494,5.155385102622796,13.473799796006146,4.9290228297316263e-05,4.150400114796209e-05,7.300991063243728e-06,6.879859893524739e-05,6.4616644157537e-06,8.805002603632684e-12,89.53,143.5,PASS,1
nsga2_20260905_161011,20260905_161011,nsga2,3.4361966942778084,2.4834943218841516,6.3298835860100295,1.9867134601746237e-05,7.668926246925989e-05,6.268465259493391e-06,9.256369088080547e-05,7.244799299583925e-06,2.9153898697248258e-12,90.67,21.620000000000005,FAIL,1
nsga2_20260905_161011,20260905_161011,nsga2,3.436042074504088,3.949299606875046,6.4038275805068094,4.343171265223024e-05,7.668926246925989e-05,5.323635859085778e-06,8.648390143700938e-05,7.256507162709286e-06,1.98593310839479e-12,91.78,145.9,PASS,1
nsga2_20260905_161011,20260905_161011,nsga2,12.542340902858783,8.241613115676827,13.820305453281229,4.3941414154987e-05,3.478494325369489e-05,5.661477407229867e-06,4.373620885087725e-05,6.625530848353982e-06,9.692453086862538e-12,37.03,103.1,FAIL,1
nsga2_20260905_161011,20260905_161011,nsga2,3.489979625357935,9.839914375870285,6.273643215966005,3.172113068142697e-05,7.669522394559451e-05,1.5479413898498217e-06,8.169899007614964e-05,7.244799299583925e-06,2.1098301405949554e-12,93.36,22.64,FAIL,1
nsga2_20260905_161011,20260905_161011,nsga2,8.06989757799978,5.562482622758398,13.514089032081593,3.56597130460695e-05,5.291916854183316e-05,1.2594538032771295e-06,2.7396977590897088e-05,4.510262990744125e-06,8.295529268306498e-12,46.96,147.0,FAIL,1
nsga2_20260905_161011,20260905_161011,nsga2,3.4278024877269666,8.049075877690083,6.725378372090278,4.538287908202673e-05,5.270526345927673e-05,2.764731446701864e-06,2.731677462010773e-05,4.558718637270144e-06,3.651898927343588e-12,58.92,129.8,FAIL,1
nsga2_20260905_161011,20260905_161011,nsga2,2.495178014676797,5.235868395880272,8.670363725911741,3.561450999333078e-05,4.989712581984838e-05,1.273537888173385e-06,9.270247867515104e-05,6.414818027149435e-06,8.64206114559048e-12,66.61,134.8,FAIL,1
nsga2_20260905_161011,20260905_161011,nsga2,2.588573162455308,5.505307469636675,8.845187021011105,3.3519452289047396e-05,7.645573866423296e-05,9.694647300051246e-06,8.96469264180521e-05,7.244799299583925e-06,9.423473212873289e-12,88.97,136.7,PASS,1
nsga2_20260905_161011,20260905_161011,nsga2,3.4009492650439337,3.9584700527211556,13.32932847577525,4.5570253492956564e-05,7.742119113463708e-05,1.2594538032771295e-06,8.592865468657017e-05,6.058457952266673e-06,8.318935403111441e-12,89.46,48.63,FAIL,1
nsga2_20260905_161011,20260905_161011,nsga2,4.587200978804029,5.491950337158035,8.5927660325313,3.498642274576935e-05,5.1632534900835915e-05,7.550852412470127e-06,9.722803166903519e-05,5.500445795389974e-06,3.91744678205745e-12,87.27,146.1,PASS,1
nsga2_20260905_161011,20260905_161011,nsga2,3.878568192098845,8.011285473217288,5.967536634142416,3.937546597831008e-06,2.792226774865846e-05,7.165982007590706e-06,8.361268886269402e-05,6.461020505911164e-06,8.209665445704429e-12,50.82,97.42,FAIL,1
nsga2_20260905_161011,20260905_161011,nsga2,11.288704884200662,5.426704441063588,8.87445763105172,4.3759727711690914e-05,4.204967582620979e-05,2.2470964597833962e-06,9.117875155229938e-05,9.391741094208462e-06,7.639858928618388e-12,43.25,122.70000000000002,FAIL,1
nsga2_20260905_161011,20260905_161011,nsga2,3.4361033418811164,3.949299606875046,8.34454308284603,1.0564767982669628e-05,7.668926246925989e-05,5.675721766519897e-06,9.093362572500888e-05,7.244799299583925e-06,9.754689271192958e-12,62.69,136.6,FAIL,1
nsga2_20260905_161011,20260905_161011,nsga2,7.951027054429825,2.1018856123967913,13.160200608035856,4.736332252324779e-05,7.120440663509713e-06,1.2594538032771295e-06,2.9315638759961865e-05,4.551501087803123e-06,6.204196051762481e-12,36.42,118.5,FAIL,1
nsga2_20260905_161011,20260905_161011,nsga2,2.7067534304881646,3.357350031408831,6.414271924320275,3.298446993587341e-05,7.669522394559451e-05,1.7800432959065738e-06,8.199564356749503e-05,6.434867723333731e-06,6.333579364577635e-12,92.01,13.969999999999999,FAIL,1
nsga2_20260905_161011,20260905_161011,nsga2,13.014326743156381,8.241613115676827,13.837883671413248,2.0652217059522803e-05,3.55290725812119e-05,6.301034538214964e-06,3.847321824031842e-05,1.6639936823055022e-06,6.3416124048507215e-12,73.22,70.39,FAIL,1
nsga2_20260905_161011,20260905_161011,nsga2,3.436040296541823,3.949299606875046,6.354672163319208,1.8213613972044006e-06,7.668926246925989e-05,4.687128200572385e-06,8.456318330242666e-05,7.244799299583925e-06,6.0569704616282365e-12,49.19,100.4,FAIL,1
nsga2_20260905_161011,20260905_161011,nsga2,13.434730234220288,3.3398967552429486,14.151190117342557,3.3598472056060405e-05,7.91910468364537e-05,5.817712549622949e-06,9.395065606940866e-05,7.270408336689067e-06,6.324334891855834e-12,61.46,108.4,FAIL,1
nsga2_20260905_161011,20260905_161011,nsga2,3.3293389136576543,8.081228574649412,6.089214436513725,5.389900062717153e-07,2.918932134306402e-05,7.783879141196541e-06,6.47084019783622e-05,6.106046048819818e-06,8.104979966443976e-12,33.78,92.03,FAIL,1
nsga2_20260905_161011,20260905_161011,nsga2,2.4629575652590314,2.1018856123967913,12.78572329159107,2.573380075608973e-06,7.120440663509713e-06,1.2594538032771295e-06,2.7396977590897088e-05,6.394395309364251e-06,2.4242864204573457e-12,42.79,102.4,FAIL,1
nsga2_20260905_161011,20260905_161011,nsga2,2.839390715695288,9.606739624274416,6.274806396859862,3.559615877868919e-05,4.989712581984838e-05,1.2831442981031043e-06,9.270247867515104e-05,6.441693140235397e-06,2.0546906620699682e-12,91.58,47.16,FAIL,1
nsga2_20260905_161011,20260905_161011,nsga2,3.436042074504088,3.949299606875046,6.4038275805068094,5.61855916816438e-06,7.656259040776867e-05,5.323635859085778e-06,8.648390143700938e-05,7.256507162709286e-06,2.007516472773505e-12,59.75,102.1,FAIL,1
nsga2_20260905_161011,20260905_161011,nsga2,3.4718664562139177,3.3398967552429486,6.362801517317272,3.299505502134281e-05,7.669522394559451e-05,1.7800432959065738e-06,8.176547047057896e-05,7.244799299583925e-06,8.949654555943373e-12,91.84,13.230000000000004,FAIL,1
nsga2_20260905_161011,20260905_161011,nsga2,3.73459565153661,5.64397122537394,5.867345278331137,3.926121762208442e-06,3.9348985945392566e-05,7.571250488218254e-06,6.929482915795481e-05,9.326437871880068e-06,6.731378178459406e-12,59.87,106.7,FAIL,1
nsga2_20260905_161011,20260905_161011,nsga2,7.9497367096178175,2.1018856123967913,13.160200608035856,2.611862774530739e-06,7.120440663509713e-06,1.2594538032771295e-06,2.7396977590897088e-05,4.510262990744125e-06,8.295324215672218e-12,42.66,161.1,FAIL,1
nsga2_20260905_161011,20260905_161011,nsga2,18.959450722322448,4.147262808168754,5.886992321426974,2.057550007140783e-05,7.923828245415211e-05,7.754064229914917e-06,8.511944299773342e-05,6.476653004682584e-06,8.177516798661076e-12,41.23,127.3,FAIL,1
nsga2_20260905_161011,20260905_161011,nsga2,3.4710217479978174,2.9066622886686027,6.25646830563632,2.0782788246755843e-05,4.212483008858327e-05,6.315278897504995e-06,8.96541333890667e-05,7.244799299583925e-06,6.3262383782744e-12,89.01,145.4,PASS,1
nsga2_20260905_161011,20260905_161011,nsga2,3.2423741455151838,5.424808681712863,8.87445763105172,4.3759727711690914e-05,4.204967582620979e-05,2.2470964597833962e-06,9.117875155229938e-05,6.253648640595583e-06,2.447067303918127e-12,91.1,73.61,PASS,1
nsga2_20260905_161011,20260905_161011,nsga2,13.067889416727663,11.368638668042147,5.876412510076689,3.2215456379726466e-05,7.669522394559451e-05,7.827633069336279e-06,8.150515296569465e-05,7.3480935839071385e-06,2.1098301405949554e-12,42.05,100.6,FAIL,1
nsga2_20260905_161011,20260905_161011,nsga2,9.40729455851123,2.1018856123967913,13.160200608035856,2.5747646286388216e-06,7.120440663509713e-06,1.2594538032771295e-06,2.5885396445787555e-05,4.9790506311665975e-06,6.2676863525168346e-12,44.74,145.8,FAIL,1
nsga2_20260905_161011,20260905_161011,nsga2,3.4278024877269666,8.049075877690083,6.578061464889311,4.351767158567043e-05,5.270526345927673e-05,4.158717001333971e-06,9.268136773657703e-05,6.424593154595179e-06,3.651898927343588e-12,92.18,136.4,PASS,1
nsga2_20260905_161011,20260905_161011,nsga2,3.4277377676320806,8.049075877690083,6.2670015761993705,3.1994708564421416e-05,5.270526345927673e-05,2.764731446701864e-06,8.042968671365275e-05,6.376594764393126e-06,3.661143401125034e-12,92.61,152.4,PASS,1
nsga2_20260905_161011,20260905_161011,nsga2,2.658429434222082,4.178366259494766,6.581651967834128,4.4004311827689905e-05,7.671011733110383e-05,2.4656167767335954e-06,9.268136773657703e-05,7.249944113137979e-06,2.2539482611030114e-12,94.23,34.62,FAIL,1
nsga2_20260905_161011,20260905_161011,nsga2,3.4303306275475207,2.943421766040875,6.354672163319208,2.0782788246755843e-05,7.668926246925989e-05,6.315278897504995e-06,8.961859538197597e-05,7.244799299583925e-06,6.41203630412812e-12,91.26,24.129999999999995,FAIL,1
nsga2_20260905_161011,20260905_161011,nsga2,13.014326743156381,8.237700787407773,13.756121291885568,1.5872452913804347e-05,2.9468942384446845e-05,5.661477407229867e-06,4.293680980608057e-05,7.198012268087982e-06,9.457849463667558e-12,49.92,129.1,FAIL,1
nsga2_20260905_161011,20260905_161011,nsga2,3.471931176308804,2.136939623929831,6.358096999446983,5.846388608666248e-07,7.91910468364537e-05,1.7452785311703834e-06,3.1282675961858525e-05,4.570322818913137e-06,8.349469928503881e-12,41.8,112.4,FAIL,1
nsga2_20260905_161011,20260905_161011,nsga2,3.4570961541576675,9.630609377236722,7.460842923550815,3.299505502134281e-05,7.669522394559451e-05,1.7800432959065738e-06,9.232016717885753e-05,7.244799299583925e-06,6.333579364577635e-12,93.29,26.9,FAIL,1
nsga2_20260905_161011,20260905_161011,nsga2,3.9896400326371975,11.947408318316349,4.417388183411128,3.8739986926582365e-06,2.792226774865846e-05,7.749721059168504e-06,6.602926775899746e-05,6.47512843097006e-06,8.287377282952952e-12,58.75,99.57,FAIL,1
nsga2_20260905_161011,20260905_161011,nsga2,3.1391058022906586,5.621206537760115,6.259535285413542,2.0678707816450292e-05,2.4744554991879702e-05,6.674435461654297e-06,8.550284332558625e-05,7.244561206536798e-06,7.622682391277772e-12,87.45,133.3,PASS,1
nsga2_20260905_161011,20260905_161011,nsga2,3.2704992624598086,5.599784895883598,8.496057414937502,3.999294704693403e-05,3.6981469845387454e-05,1.8090180438946613e-06,6.929938925017357e-05,6.322104443675073e-06,8.767281530626823e-12,90.84,76.07,PASS,1
nsga2_20260905_161011,20260905_161011,nsga2,3.436042074504088,5.541503577316112,4.5323052998564615,3.463793666260765e-05,5.270856671068181e-05,7.63735310080356e-06,8.663665339926755e-05,7.256092610667376e-06,1.98593310839479e-12,89.44,117.5,PASS,1
nsga2_20260905_161011,20260905_161011,nsga2,3.0528947990598354,8.241613115676827,6.286548523747268,1.5100544084719835e-05,2.936403400023693e-05,1.6239249344637546e-06,4.293680980608057e-05,5.73830617713321e-06,9.74169076288967e-12,89.76,70.24,PASS,1
nsga2_20260905_161011,20260905_161011,nsga2,19.665276234481603,3.9656656661694645,5.884879467810897,4.8910212888990186e-05,3.8976970881891295e-05,1.609757454795761e-06,9.407966607085744e-05,6.411976955294971e-06,6.754228887264781e-12,32.629999999999995,119.9,FAIL,1
nsga2_20260905_161011,20260905_161011,nsga2,7.1747191083335045,4.158704802299513,3.6395369768807346,4.351767158567043e-05,7.671011733110383e-05,2.4656167767335954e-06,9.126540318979759e-05,4.543068027993179e-06,6.033339704692319e-12,59.63,113.2,FAIL,1
nsga2_20260905_161011,20260905_161011,nsga2,4.158892344084039,8.079116346675209,6.763402126424015,4.353602277466825e-05,5.270526345927673e-05,2.060114879798382e-06,9.268136773657703e-05,7.188315756253929e-06,5.301545682932151e-12,88.77,52.16,FAIL,1
nsga2_20260905_161011,20260905_161011,nsga2,19.295978455714206,10.333763907857163,5.882444537989546,4.1783399672641055e-05,2.8048927433595843e-05,7.783879141196541e-06,6.602926775899746e-05,6.469184066943925e-06,8.209665445704429e-12,29.37999999999999,97.85,FAIL,1
nsga2_20260905_161011,20260905_161011,nsga2,2.676253616508611,5.599784895883598,8.66315044088644,4.3759727711690914e-05,4.204967582620979e-05,1.3215058434484973e-06,6.932326366556292e-05,7.417859080892957e-06,6.18891817674923e-12,92.46,62.69,PASS,1
nsga2_20260905_161011,20260905_161011,nsga2,12.486998743017622,3.827890908405946,6.54722800368449,4.3759727711690914e-05,2.6545140388102657e-05,1.4621084495303548e-06,9.407966607085744e-05,5.440477846615743e-06,7.544165245801533e-12,45.07,142.3,FAIL,1
nsga2_20260905_161011,20260905_161011,nsga2,9.406004213699225,2.228178640212424,13.160200608035856,2.613247327560588e-06,6.091601139128594e-06,1.2594538032771295e-06,2.7396977590897088e-05,4.510262990744125e-06,8.40730206946093e-12,42.57,157.2,FAIL,1
nsga2_20260905_161011,20260905_161011,nsga2,2.9556360175440926,9.868157195134323,6.250433921082149,3.937546597831008e-06,3.0282424590773736e-05,6.670092290907805e-06,6.641266795205195e-05,7.243036632824275e-06,8.882807262496275e-12,53.81,94.95,FAIL,1
nsga2_20260905_161011,20260905_161011,nsga2,3.4266382220187643,3.986059084248209,6.363277576875124,3.349458399293852e-05,8.109033314294338e-05,1.645987428601034e-06,8.647669446599478e-05,7.244799299583925e-06,8.877486140484194e-12,92.0,13.11,FAIL,1
nsga2_20260905_161011,20260905_161011,nsga2,3.3066610684840274,5.605907591720716,6.277712583204268,3.458877849075488e-06,2.6002970963974637e-05,1.4712128475999019e-06,6.799507399666116e-05,9.223133607025733e-06,7.534828296917517e-12,57.17,109.5,FAIL,1
nsga2_20260905_161011,20260905_161011,nsga2,3.4278024877269666,8.049075877690083,6.2413792713518506,4.351767158567043e-05,5.270526345927673e-05,2.764731446701864e-06,9.472809091361112e-05,6.424593154595179e-06,3.651898927343588e-12,92.75,148.9,PASS,1
nsga2_20260905_161011,20260905_161011,nsga2,3.489979625357935,9.51924495262743,6.77474828406094,4.3664487764605636e-05,7.669522394559451e-05,1.2849064434995988e-06,8.169899007614964e-05,7.116668897387972e-06,3.422790928457102e-12,92.56,27.03,FAIL,1
nsga2_20260905_161011,20260905_161011,nsga2,3.425793513802664,2.923760308850524,6.256944365194172,2.0782788246755843e-05,4.555721729649082e-05,6.315278897504995e-06,8.648390143700938e-05,6.4220555330596085e-06,8.869732964159418e-12,86.7,150.8,PASS,1
nsga2_20260905_161011,20260905_161011,nsga2,3.4361033418811164,3.949299606875046,6.354672163319208,3.3519452289047396e-05,7.668926246925989e-05,9.70588507970969e-06,8.65122324730855e-05,7.244799299583925e-06,6.372804846167846e-12,90.29,140.5,PASS,1
nsga2_20260905_161011,20260905_161011,nsga2,3.436042074504088,2.779198662955786,6.727347866850026,4.343171265223024e-05,7.65843434200802e-05,5.323635859085778e-06,8.648390143700938e-05,5.822410108860206e-06,1.98593310839479e-12,92.22,40.17,FAIL,1
nsga2_20260905_161011,20260905_161011,nsga2,7.730181674629288,3.3048427451430378,13.160200608035856,3.916377652432486e-05,7.120440663509713e-06,1.2942185680156085e-06,9.038944813672412e-05,7.184739470551712e-06,6.27039421901585e-12,65.25,116.2,FAIL,1
nsga2_20260905_161011,20260905_161011,nsga2,3.5527302311654223,2.8873791269783204,6.346661556589754,4.391871998209114e-05,4.204967582620979e-05,1.273537888173385e-06,8.208130135511415e-05,6.411976955294971e-06,2.0549745726331627e-12,88.55,37.27,FAIL,1
nsga2_20260905_161011,20260905_161011,nsga2,15.821853100409097,14.467798618218202,7.702556176785258,4.838403180072665e-05,5.790941481990081e-05,2.286288209093459e-06,9.268136773657703e-05,6.424593154595179e-06,6.498512029908987e-12,39.080000000000005,113.9,FAIL,1
nsga2_20260905_161011,20260905_161011,nsga2,13.181838442669278,3.9472816123267633,5.877890957095581,3.926121762208442e-06,8.285628420371599e-05,7.749721059168504e-06,6.98799889971032e-05,9.326437871880068e-06,8.83369363326563e-12,84.49,-5.483000000000004,FAIL,1
nsga2_20260905_161011,20260905_161011,nsga2,12.188800452292071,5.64397122537394,5.13554107994809,7.721759633727417e-06,2.6002970963974637e-05,7.249880679632764e-06,6.945832315997332e-05,9.326437871880068e-06,7.64347657438466e-12,52.97,127.3,FAIL,1
nsga2_20260905_161011,20260905_161011,nsga2,5.5375856235678675,3.9461711662366517,6.60512241330487,4.466049671190927e-05,7.671090078184727e-05,6.330449030809707e-06,8.206420817733197e-05,5.500445795389974e-06,3.741544694513789e-12,67.89,130.4,FAIL,1
nsga2_20260905_161011,20260905_161011,nsga2,2.6182399869148933,4.158704802299513,6.578129545765409,3.8237056837663706e-05,7.671011733110383e-05,2.4656167767335954e-06,9.268136773657703e-05,6.427200346613664e-06,2.2539482611030114e-12,92.46,35.76,FAIL,1
nsga2_20260905_161011,20260905_161011,nsga2,3.4278024877269666,8.049075877690083,6.578061464889311,4.299063683812715e-05,5.0085096799467834e-05,1.7453183394796148e-06,9.268136773657703e-05,7.253004827482564e-06,3.651898927343588e-12,90.69,59.85,FAIL,1
nsga2_20260905_161011,20260905_161011,nsga2,3.467991935034447,8.049075877690083,6.58158388695803,4.351767158567043e-05,5.270526345927673e-05,2.764731446701864e-06,9.268136773657703e-05,6.4320670017884825e-06,3.12904136901886e-12,92.51,68.83,PASS,1
nsga2_20260905_161011,20260905_161011,nsga2,3.4718664562139177,3.3398967552429486,6.362801517317272,3.3522089379157784e-05,7.931538993881668e-05,3.0313674363500676e-06,8.334786305550335e-05,6.41638762669654e-06,6.333579364577635e-12,91.89,17.21,FAIL,1
nsga2_20260905_161011,20260905_161011,nsga2,19.233240095948975,9.868157195134323,5.880481877314952,3.937546597831008e-06,1.7881656691769126e-05,7.749721059168504e-06,6.602926775899746e-05,6.47512843097006e-06,8.216242362179744e-12,74.9,138.5,FAIL,1
nsga2_20260905_161011,20260905_161011,nsga2,3.4277377676320806,8.049075877690083,6.723341015365866,4.393806860509851e-05,5.270526345927673e-05,2.279280758573012e-06,8.042968671365275e-05,6.461323077395841e-06,2.01937245434758e-12,90.72,65.23,PASS,1
nsga2_20260905_161011,20260905_161011,nsga2,3.4362331417678216,4.093031031957159,6.256944365194172,2.0782788246755843e-05,7.692366246125832e-05,6.315278897504995e-06,8.648390143700938e-05,7.244799299583925e-06,8.717041058992858e-12,91.78,154.8,PASS,1
nsga2_20260905_161011,20260905_161011,nsga2,5.225581797572266,8.049075877690083,6.578061464889311,4.351767158567043e-05,4.354278973390629e-05,2.764731446701864e-06,9.27174276472924e-05,6.424593154595179e-06,2.305897717005517e-12,84.72,67.94,FAIL,1
nsga2_20260905_161011,20260905_161011,nsga2,3.4570961541576675,1.8780462524833257,7.47946565484262,3.341335682211416e-05,7.669522394559451e-05,3.679953568087127e-06,9.419010652082626e-05,7.1796253574632985e-06,6.333579364577635e-12,93.5,25.980000000000004,FAIL,1
nsga2_20260905_161011,20260905_161011,nsga2,3.4361033418811164,3.1108956513410084,6.304224405221452,3.410409609229777e-06,7.668926246925989e-05,1.0706448030679722e-06,8.65122324730855e-05,6.877121888647591e-06,5.899769487573913e-12,51.51,131.0,FAIL,1
nsga2_20260905_161011,20260905_161011,nsga2,3.258833217165887,14.467798618218202,13.021722352251185,1.9166471021669624e-06,5.843352908915205e-05,2.286288209093459e-06,9.268136773657703e-05,6.424593154595179e-06,8.227316533120721e-12,40.92000000000001,91.26,FAIL,1
nsga2_20260905_161011,20260905_161011,nsga2,3.4718664562139177,5.54902935823715,6.346046291558293,3.349458399293852e-05,7.336634905161273e-05,7.633717370089167e-06,8.222460382669755e-05,7.244799299583925e-06,3.6211752013677413e-12,90.79,129.8,PASS,1
nsga2_20260905_161011,20260905_161011,nsga2,3.4278024877269666,8.108263390391558,6.578061464889311,4.399426409576213e-05,7.635412714360747e-05,4.158717001333971e-06,9.268136773657703e-05,6.447663538597204e-06,3.651898927343588e-12,93.44,146.1,PASS,1
nsga2_20260905_161011,20260905_161011,nsga2,2.658429434222082,3.953735615522022,6.581651967834128,4.351767158567043e-05,7.580925314068325e-05,2.4656167767335954e-06,9.268136773657703e-05,6.427200346613664e-06,2.2539482611030114e-12,93.46,35.57,FAIL,1
nsga2_20260905_161011,20260905_161011,nsga2,3.8321864370665852,3.2935075963167137,14.09839582823136,1.5690329370233108e-05,7.678227434301968e-05,6.316501343849305e-06,8.648390143700938e-05,7.205084341874542e-06,9.77708453592407e-12,61.98,137.3,FAIL,1
nsga2_20260905_161011,20260905_161011,nsga2,2.728567017621631,4.179920254548744,6.578129545765409,4.4457692703458814e-05,7.702202262191939e-05,7.472394949711855e-06,9.268136773657703e-05,6.439987259048089e-06,2.2539482611030114e-12,90.77,132.8,PASS,1
nsga2_20260905_161011,20260905_161011,nsga2,19.295978455714206,10.52518255859274,5.848295114989695,2.9784592616237846e-06,2.8490046202654854e-05,1.5906034028549937e-06,6.602926775899746e-05,6.761248437016272e-06,8.209665445704429e-12,80.99,31.65,FAIL,1
nsga2_20260905_161011,20260905_161011,nsga2,4.540413551585784,4.164535131418133,6.325043959163625,4.74618091098609e-05,7.660191162297739e-05,2.239471370133521e-06,9.268136773657703e-05,6.424593154595179e-06,6.419041902220712e-12,61.84,135.2,FAIL,1
nsga2_20260905_161011,20260905_161011,nsga2,3.489979625357935,9.51924495262743,6.771695703221792,4.3664487764605636e-05,7.671009374871371e-05,1.2849064434995988e-06,8.169899007614964e-05,7.116668897387972e-06,3.435457367855099e-12,92.53,27.010000000000005,FAIL,1
nsga2_20260905_161011,20260905_161011,nsga2,3.258833217165887,13.941014520690738,12.956012288659664,1.2989609823185626e-06,5.779255927817361e-05,1.2395219383317395e-06,2.7052054252010156e-05,6.424593154595179e-06,6.56964695246834e-12,41.910000000000004,92.35,FAIL,1
nsga2_20260905_161011,20260905_161011,nsga2,3.717748537412556,2.182583099356188,7.321903474815043,3.116658069267756e-05,7.767347250939183e-05,1.8069200801192891e-06,2.6890661337392396e-05,7.237750110721709e-06,6.2006120479739e-12,49.2,142.1,FAIL,1
nsga2_20260905_161011,20260905_161011,nsga2,8.274330574101025,2.833101465243989,12.768265820225654,2.6225627824611645e-06,7.851452291443488e-06,1.1691977039563726e-06,8.648390143700938e-05,4.4541995885500414e-06,6.789259918756635e-12,nan,nan,FAIL,1
nsga2_20260905_161011,20260905_161011,nsga2,7.3612052909735635,2.1018856123967913,13.160200608035856,2.611862774530739e-06,7.120440663509713e-06,1.2594538032771295e-06,2.7396977590897088e-05,4.510262990744125e-06,8.295529268306498e-12,41.2,117.8,FAIL,1
nsga2_20260905_161011,20260905_161011,nsga2,3.436042074504088,4.170518888980476,4.5323052998564615,4.352698716235952e-05,8.173664389421021e-05,2.522702753606965e-06,8.636309299212995e-05,7.256092610667376e-06,1.98593310839479e-12,74.79,79.03,FAIL,1
nsga2_20260905_161011,20260905_161011,nsga2,3.250635171980121,8.132628516186498,6.2670015761993705,3.208199043743437e-05,5.270526345927673e-05,2.764731446701864e-06,8.042968671365275e-05,6.374442966599419e-06,3.661143401125034e-12,80.97,63.85,FAIL,1
nsga2_20260905_161011,20260905_161011,nsga2,3.4278024877269666,8.027508141683075,6.570147261339152,4.351767158567043e-05,5.281393739686779e-05,2.764731446701864e-06,9.472809091361112e-05,7.001856798008894e-06,3.651898927343588e-12,nan,nan,FAIL,1
nsga2_20260905_161011,20260905_161011,nsga2,13.014326743156381,5.614885453526584,14.079641528292326,4.221202756682076e-05,2.936403400023693e-05,1.7022686198754782e-06,4.293680980608057e-05,5.7154765220213875e-06,9.763519698928568e-12,39.75,120.7,FAIL,1
nsga2_20260905_161011,20260905_161011,nsga2,3.4278024877269666,8.049075877690083,6.579195398025249,4.351767158567043e-05,5.270526345927673e-05,2.764731446701864e-06,9.268136773657703e-05,6.424593154595179e-06,3.651898927343588e-12,nan,nan,FAIL,1
nsga2_20260905_161011,20260905_161011,nsga2,19.280726462811643,8.049075877690083,5.864826338052967,3.7737892979933814e-06,5.4090540833382506e-05,2.764731446701864e-06,6.720349285400433e-05,6.4320670017884825e-06,2.6720619318105493e-12,51.42,91.82,FAIL,1
nsga2_20260905_161011,20260905_161011,nsga2,3.0177759145300995,12.991061621501817,6.578061464889311,4.351767158567043e-05,5.270526345927673e-05,2.239471370133521e-06,9.268136773657703e-05,6.424593154595179e-06,2.2539482611030114e-12,91.1,64.18,PASS,1
nsga2_20260905_161011,20260905_161011,nsga2,3.436042074504088,2.779198662955786,6.7721134957784646,4.343171265223024e-05,7.65843434200802e-05,5.323635859085778e-06,8.648390143700938e-05,5.821409444366697e-06,3.6277041538427616e-12,nan,nan,FAIL,1
nsga2_20260905_161011,20260905_161011,nsga2,3.4256024465389303,2.785332120932975,6.354672163319208,4.4390081066351616e-05,4.532281697291011e-05,6.315278897504995e-06,8.648390143700938e-05,7.244799299583925e-06,1.8283375936079865e-12,nan,nan,FAIL,1
nsga2_20260905_161011,20260905_161011,nsga2,3.2423741455151838,5.424808681712863,8.87445763105172,4.3759727711690914e-05,5.249767729782521e-05,2.2470964597833962e-06,9.1142691641584e-05,6.253648640595583e-06,3.793068518373868e-12,nan,nan,FAIL,1
nsga2_20260905_161011,20260905_161011,nsga2,7.9497367096178175,10.102901634656611,13.14157787699164,2.2935305823059114e-06,7.120440663509713e-06,1.2594538032771295e-06,2.5379701344760956e-05,4.575436932004927e-06,6.390739567458584e-12,83.49,58.83,FAIL,1
nsga2_20260905_161011,20260905_161011,nsga2,7.9497367096178175,2.1018856123967913,13.342977437343404,3.277157612940495e-05,7.120440663509713e-06,9.665291821714793e-06,2.7396977590897088e-05,4.97290866782793e-06,8.295324215672218e-12,nan,nan,FAIL,1
nsga2_20260905_161011,20260905_161011,nsga2,7.951027054429825,2.391140886025153,7.802105149780738,4.897071020963683e-05,6.6279220389574625e-06,1.7663246718600778e-06,2.6080823321796943e-05,6.04153006276847e-06,6.591367977646008e-12,nan,nan,FAIL,1
nsga2_20260905_161011,20260905_161011,nsga2,5.5375856235678675,3.9386453853157652,6.6218776390638485,3.490835457463665e-05,5.273020503560958e-05,1.6738347537454226e-06,8.963928273087993e-05,5.500445795389974e-06,6.454362841290508e-12,nan,nan,FAIL,1
nsga2_20260905_161011,20260905_161011,nsga2,2.658429434222082,4.119178771512796,8.500612634945737,4.352771931759821e-05,5.074237721639236e-05,2.4656167767335954e-06,9.268136773657703e-05,7.226873729135956e-06,2.2539482611030114e-12,nan,nan,FAIL,1
nsga2_20260905_161011,20260905_161011,nsga2,3.4278024877269666,8.049075877690083,6.2413792713518506,4.351767158567043e-05,5.3606127638589464e-05,2.764731446701864e-06,9.472809091361112e-05,6.424593154595179e-06,3.651898927343588e-12,nan,nan,FAIL,1
nsga2_20260905_190655,20260905_190655,nsga2,10.724610869304877,19.05881023019277,3.739032641673041,4.7447877522721014e-05,3.13895957654454e-05,4.521601265239469e-06,8.282194860389804e-05,4.387391795507032e-06,5.946343189057535e-12,nan,nan,FAIL,1
nsga2_20260905_190655,20260905_190655,nsga2,1.523623151618299,15.316749064821325,11.224722951166287,1.668766631000488e-05,7.890634173181191e-05,3.3803508782706268e-06,4.5513739581220955e-05,1.7733961238480651e-06,4.628016878024163e-12,nan,nan,FAIL,1
nsga2_20260905_190655,20260905_190655,nsga2,4.865649572846843,5.983953468395141,15.256928779970998,1.4236315271906184e-05,4.867354015083401e-05,9.817003398111766e-06,9.617722220827954e-05,7.385504437348569e-06,5.871041699926908e-12,nan,nan,FAIL,1
nsga2_20260905_190655,20260905_190655,nsga2,6.260932876862046,4.05238816672741,19.42858285110652,2.594860870172957e-05,1.18518015633358e-05,6.423152677606254e-06,7.77353064999271e-05,6.323531360003884e-06,9.255679343118123e-12,nan,nan,FAIL,1
nsga2_20260905_190655,20260905_190655,nsga2,1.7522646566198543,11.04319600194041,9.727381774822671,3.398774083748817e-06,6.424041846319568e-05,8.600011965566239e-06,5.9416219504997114e-05,2.97092575350362e-06,8.558933689282679e-12,nan,nan,FAIL,1
nsga2_20260905_190655,20260905_190655,nsga2,10.680421748908678,10.706888804864127,15.30757394634138,7.65172517851234e-06,8.20167838961919e-05,6.9912256070309424e-06,7.877356507301365e-05,2.3203544606912846e-06,8.22127745021077e-12,nan,nan,FAIL,1
nsga2_20260905_190655,20260905_190655,nsga2,4.635154595086805,2.5494997299067417,17.249312511454335,4.3105789760030114e-05,8.769074851273307e-05,4.983142333908507e-06,2.7622624344787713e-05,5.673723717300796e-07,6.81148806017453e-12,nan,nan,FAIL,1
nsga2_20260905_190655,20260905_190655,nsga2,14.678278286665169,16.875815113505208,6.355678719926301,1.0996342907999787e-05,6.40413385926388e-05,8.148020914877591e-06,9.637798602264358e-05,1.929985889001186e-06,5.339911493794028e-12,nan,nan,FAIL,1
nsga2_20260905_190655,20260905_190655,nsga2,17.999601381727295,9.031621231963308,12.200539179596914,1.517186671420151e-06,6.7443950749148e-05,9.231341886521313e-06,8.273448535680508e-05,8.912442533744494e-06,6.94319842468471e-12,nan,nan,FAIL,1
nsga2_20260905_195501,20260905_195501,nsga2,10.724610869304877,19.05881023019277,3.739032641673041,4.7447877522721014e-05,3.13895957654454e-05,4.521601265239469e-06,8.282194860389804e-05,4.387391795507032e-06,5.946343189057535e-12,nan,nan,FAIL,1
nsga2_20260905_195501,20260905_195501,nsga2,1.523623151618299,15.316749064821325,11.224722951166287,1.668766631000488e-05,7.890634173181191e-05,3.3803508782706268e-06,4.5513739581220955e-05,1.7733961238480651e-06,4.628016878024163e-12,nan,nan,FAIL,1
nsga2_20260905_195501,20260905_195501,nsga2,4.865649572846843,5.983953468395141,15.256928779970998,1.4236315271906184e-05,4.867354015083401e-05,9.817003398111766e-06,9.617722220827954e-05,7.385504437348569e-06,5.871041699926908e-12,nan,nan,FAIL,1
nsga2_20260905_195501,20260905_195501,nsga2,6.260932876862046,4.05238816672741,19.42858285110652,2.594860870172957e-05,1.18518015633358e-05,6.423152677606254e-06,7.77353064999271e-05,6.323531360003884e-06,9.255679343118123e-12,nan,nan,FAIL,1
nsga2_20260905_195501,20260905_195501,nsga2,1.7522646566198543,11.04319600194041,9.727381774822671,3.398774083748817e-06,6.424041846319568e-05,8.600011965566239e-06,5.9416219504997114e-05,2.97092575350362e-06,8.558933689282679e-12,nan,nan,FAIL,1
nsga2_20260905_195501,20260905_195501,nsga2,10.680421748908678,10.706888804864127,15.30757394634138,7.65172517851234e-06,8.20167838961919e-05,6.9912256070309424e-06,7.877356507301365e-05,2.3203544606912846e-06,8.22127745021077e-12,nan,nan,FAIL,1
nsga2_20260905_195501,20260905_195501,nsga2,4.635154595086805,2.5494997299067417,17.249312511454335,4.3105789760030114e-05,8.769074851273307e-05,4.983142333908507e-06,2.7622624344787713e-05,5.673723717300796e-07,6.81148806017453e-12,nan,nan,FAIL,1
nsga2_20260905_195501,20260905_195501,nsga2,14.678278286665169,16.875815113505208,6.355678719926301,1.0996342907999787e-05,6.40413385926388e-05,8.148020914877591e-06,9.637798602264358e-05,1.929985889001186e-06,5.339911493794028e-12,nan,nan,FAIL,1
nsga2_20260905_195607,20260905_195607,nsga2,10.724610869304877,19.05881023019277,3.739032641673041,4.7447877522721014e-05,3.13895957654454e-05,4.521601265239469e-06,8.282194860389804e-05,4.387391795507032e-06,5.946343189057535e-12,nan,nan,FAIL,1
nsga2_20260905_195607,20260905_195607,nsga2,1.523623151618299,15.316749064821325,11.224722951166287,1.668766631000488e-05,7.890634173181191e-05,3.3803508782706268e-06,4.5513739581220955e-05,1.7733961238480651e-06,4.628016878024163e-12,nan,nan,FAIL,1
nsga2_20260905_195607,20260905_195607,nsga2,4.865649572846843,5.983953468395141,15.256928779970998,1.4236315271906184e-05,4.867354015083401e-05,9.817003398111766e-06,9.617722220827954e-05,7.385504437348569e-06,5.871041699926908e-12,nan,nan,FAIL,1
nsga2_20260905_195607,20260905_195607,nsga2,6.260932876862046,4.05238816672741,19.42858285110652,2.594860870172957e-05,1.18518015633358e-05,6.423152677606254e-06,7.77353064999271e-05,6.323531360003884e-06,9.255679343118123e-12,nan,nan,FAIL,1
nsga2_20260905_195607,20260905_195607,nsga2,1.7522646566198543,11.04319600194041,9.727381774822671,3.398774083748817e-06,6.424041846319568e-05,8.600011965566239e-06,5.9416219504997114e-05,2.97092575350362e-06,8.558933689282679e-12,nan,nan,FAIL,1
nsga2_20260905_195607,20260905_195607,nsga2,10.680421748908678,10.706888804864127,15.30757394634138,7.65172517851234e-06,8.20167838961919e-05,6.9912256070309424e-06,7.877356507301365e-05,2.3203544606912846e-06,8.22127745021077e-12,nan,nan,FAIL,1
nsga2_20260905_195607,20260905_195607,nsga2,4.635154595086805,2.5494997299067417,17.249312511454335,4.3105789760030114e-05,8.769074851273307e-05,4.983142333908507e-06,2.7622624344787713e-05,5.673723717300796e-07,6.81148806017453e-12,nan,nan,FAIL,1
nsga2_20260905_195607,20260905_195607,nsga2,14.678278286665169,16.875815113505208,6.355678719926301,1.0996342907999787e-05,6.40413385926388e-05,8.148020914877591e-06,9.637798602264358e-05,1.929985889001186e-06,5.339911493794028e-12,nan,nan,FAIL,1
nsga2_20260905_202339,20260905_202339,nsga2,10.724610869304877,19.05881023019277,3.739032641673041,4.7447877522721014e-05,3.13895957654454e-05,4.521601265239469e-06,8.282194860389804e-05,4.387391795507032e-06,5.946343189057535e-12,40.14,105.6,FAIL,1
nsga2_20260905_202339,20260905_202339,nsga2,1.523623151618299,15.316749064821325,11.224722951166287,1.668766631000488e-05,7.890634173181191e-05,3.3803508782706268e-06,4.5513739581220955e-05,1.7733961238480651e-06,4.628016878024163e-12,51.72,96.93,FAIL,1
nsga2_20260905_202339,20260905_202339,nsga2,4.865649572846843,5.983953468395141,15.256928779970998,1.4236315271906184e-05,4.867354015083401e-05,9.817003398111766e-06,9.617722220827954e-05,7.385504437348569e-06,5.871041699926908e-12,58.72,110.9,FAIL,1
nsga2_20260905_202339,20260905_202339,nsga2,6.260932876862046,4.05238816672741,19.42858285110652,2.594860870172957e-05,1.18518015633358e-05,6.423152677606254e-06,7.77353064999271e-05,6.323531360003884e-06,9.255679343118123e-12,70.3,104.3,FAIL,1
nsga2_20260905_202339,20260905_202339,nsga2,1.7522646566198543,11.04319600194041,9.727381774822671,3.398774083748817e-06,6.424041846319568e-05,8.600011965566239e-06,5.9416219504997114e-05,2.97092575350362e-06,8.558933689282679e-12,39.06000000000001,92.21,FAIL,1
nsga2_20260905_202339,20260905_202339,nsga2,10.680421748908678,10.706888804864127,15.30757394634138,7.65172517851234e-06,8.20167838961919e-05,6.9912256070309424e-06,7.877356507301365e-05,2.3203544606912846e-06,8.22127745021077e-12,43.22,106.2,FAIL,1
nsga2_20260905_202339,20260905_202339,nsga2,4.635154595086805,2.5494997299067417,17.249312511454335,4.3105789760030114e-05,8.769074851273307e-05,4.983142333908507e-06,2.7622624344787713e-05,5.673723717300796e-07,6.81148806017453e-12,nan,nan,FAIL,1
nsga2_20260905_202339,20260905_202339,nsga2,14.678278286665169,16.875815113505208,6.355678719926301,1.0996342907999787e-05,6.40413385926388e-05,8.148020914877591e-06,9.637798602264358e-05,1.929985889001186e-06,5.339911493794028e-12,67.48,59.29,FAIL,1
nsga2_20260905_202339,20260905_202339,nsga2,17.999601381727295,9.031621231963308,12.200539179596914,1.517186671420151e-06,6.7443950749148e-05,9.231341886521313e-06,8.273448535680508e-05,8.912442533744494e-06,6.94319842468471e-12,44.25,98.12,FAIL,1
nsga2_20260905_202339,20260905_202339,nsga2,5.665493077620374,15.601822979028833,5.0218201095427,4.161435928282372e-05,6.552976880305594e-06,8.34213422723878e-06,1.67013744674679e-05,4.0638964667180974e-06,3.850643499012678e-12,29.37999999999999,93.64,FAIL,1
nsga2_20260905_202339,20260905_202339,nsga2,14.135403670277084,4.392865685313066,8.528867082122742,5.89482376866653e-07,2.647072286118512e-05,4.501293735175075e-06,1.0860347299720249e-05,6.515019487347298e-06,4.423818428978791e-12,45.15,116.2,FAIL,1
nsga2_20260905_202339,20260905_202339,nsga2,14.780584823448539,13.423454210299493,9.193308226770718,4.340582913041729e-05,6.332387121476665e-05,8.19760634500984e-06,3.4376933976829264e-05,5.664858251850328e-06,2.766671966032781e-12,30.89,96.83,FAIL,1
nsga2_20260905_202339,20260905_202339,nsga2,19.92668261225393,5.6210938218202156,5.880481877314952,3.937546597831008e-06,2.6002970963974637e-05,7.749721059168504e-06,6.98799889971032e-05,1.7223955170131097e-06,4.386146512852848e-12,38.88,122.19999999999999,FAIL,1
nsga2_20260905_202339,20260905_202339,nsga2,8.997506497731795,13.634700680877254,9.662650297831227,2.9449960843228907e-05,8.401655497981154e-05,7.401499297967519e-06,3.6691224171803324e-05,4.7597649387726e-06,4.309296127210059e-12,47.88,115.4,FAIL,1
nsga2_20260905_202339,20260905_202339,nsga2,3.084958616127238,4.861589337660535,6.39232328993849,1.5912454611434417e-05,3.151087152434779e-05,5.978647304403044e-06,9.717749056928953e-05,7.859309281775453e-06,8.120205533555246e-12,74.45,102.8,FAIL,1
nsga2_20260905_202339,20260905_202339,nsga2,15.42610151025202,12.342766879951371,18.436152886247342,3.457461872571992e-05,5.018553614446604e-05,1.2322961807551182e-06,4.8998387940426725e-05,2.521894455733176e-06,2.194266677921085e-12,73.25,33.76,FAIL,1
nsga2_20260905_202339,20260905_202339,nsga2,10.615233528058086,15.916620559342222,6.60512241330487,3.850795646748557e-05,5.270526345927673e-05,1.9159562220217693e-06,9.650728407477964e-05,4.315544126940916e-06,3.657108300964262e-12,57.32,125.6,FAIL,1
nsga2_20260905_202339,20260905_202339,nsga2,17.092969042040863,3.3647463177941166,14.938218760400364,9.634889705503775e-06,3.943143006845447e-05,2.7030488453903147e-06,8.417043087143097e-05,4.2057082434286865e-06,9.772235315940603e-12,63.14,57.74,FAIL,1
nsga2_20260905_202339,20260905_202339,nsga2,12.879968203887028,14.17883385935539,10.908977320515934,1.5655719494056878e-05,3.9736975178927146e-05,9.438874782788066e-06,2.0359959112249046e-05,9.888079561592016e-06,7.824752758034365e-12,33.64,95.4,FAIL,1
nsga2_20260905_202339,20260905_202339,nsga2,7.835951603359595,13.188758200606463,8.238649246568663,1.9260198752204024e-05,5.0529154134394596e-05,6.588668055360824e-07,4.95090845263566e-05,9.730184927745436e-06,3.5691870590702062e-12,42.29999999999999,127.9,FAIL,1
nsga2_20260905_202339,20260905_202339,nsga2,19.73982819312899,5.642768597081111,14.63936267868022,4.207311883480497e-06,4.867354015083401e-05,9.734783638914368e-06,9.617722220827954e-05,7.385504437348569e-06,5.871041699926908e-12,49.8,119.7,FAIL,1
nsga2_20260905_202339,20260905_202339,nsga2,1.523623151618299,15.316749064821325,11.224722951166287,3.671047100432444e-05,5.4172777881053986e-05,3.3595837355626297e-06,4.877960626088548e-05,1.7733961238480651e-06,2.1690231006525814e-12,57.02,95.14,FAIL,1
nsga2_20260905_202339,20260905_202339,nsga2,3.412580395267021,4.687486205844042,8.138707123322597,1.5912454611434417e-05,3.151087152434779e-05,5.978647304403044e-06,5.040008100824797e-05,7.849570164521828e-06,8.120205533555246e-12,89.31,140.7,PASS,1
nsga2_20260905_202339,20260905_202339,nsga2,5.5150967314974695,15.910575171501673,6.577485190697838,4.171938234336832e-05,5.602368912089524e-06,8.077997838458837e-06,9.78108178384938e-05,4.0638964667180974e-06,3.857440905546606e-12,74.3,94.08,FAIL,1
nsga2_20260905_202339,20260905_202339,nsga2,10.680421748908678,10.706888804864127,15.30757394634138,2.540192688080842e-06,8.20167838961919e-05,6.9912256070309424e-06,7.877356507301365e-05,2.3203544606912846e-06,8.22127745021077e-12,32.940000000000005,96.13,FAIL,1
nsga2_20260905_202339,20260905_202339,nsga2,19.679239424846678,4.05238816672741,19.399815924886823,2.53775401004893e-05,1.18518015633358e-05,6.423152677606254e-06,6.967485748907519e-05,1.8054177096212956e-06,4.1055729240508316e-12,43.16,143.4,FAIL,1
nsga2_20260905_202339,20260905_202339,nsga2,14.690708851816016,11.04319600194041,9.727381774822671,3.5153411136402815e-06,6.786343153359012e-05,8.600011965566239e-06,5.9416219504997114e-05,2.97092575350362e-06,8.558933689282679e-12,44.56,108.5,FAIL,1
nsga2_20260905_202339,20260905_202339,nsga2,5.5335455037086385,17.55178119233112,5.076428860931769,4.161435928282372e-05,4.102605487475081e-06,8.34213422723878e-06,4.577045991751266e-05,4.0638964667180974e-06,4.6279419272591826e-12,72.99,99.89,FAIL,1
nsga2_20260905_202339,20260905_202339,nsga2,3.21872217580597,6.023786023038136,15.256928779970998,1.4236315271906184e-05,3.264576626758931e-05,9.892923825188185e-06,9.617722220827954e-05,7.385504437348569e-06,8.191400894016814e-12,53.06,98.26,FAIL,1
nsga2_20260905_202339,20260905_202339,nsga2,10.680421748908678,12.354441132566551,8.149470330278723,7.65172517851234e-06,8.030567072479151e-05,9.232057474703884e-07,4.9621554186133214e-05,2.3203544606912846e-06,8.22127745021077e-12,70.71,32.26,FAIL,1
nsga2_20260905_202339,20260905_202339,nsga2,3.2572929740569934,5.9622786931342455,6.498047613307695,1.3966579494800636e-05,2.6002970963974637e-05,7.82970625058619e-06,6.98799889971032e-05,1.7223955170131097e-06,4.386146512852848e-12,47.03,107.4,FAIL,1
nsga2_20260905_202339,20260905_202339,nsga2,15.42610151025202,12.342766879951371,18.436152886247342,1.4551812982699233e-05,7.49190998251103e-05,1.2530713573804754e-06,4.57325212607622e-05,2.521894455733176e-06,4.6532616778784484e-12,77.91,34.88,FAIL,1
nsga2_20260905_202339,20260905_202339,nsga2,7.508332504386258,12.702029400277496,6.492265413184557,1.9260198752204024e-05,5.0529154134394596e-05,6.588668055360824e-07,9.616192653727634e-05,9.739231677199461e-06,3.5691870590702062e-12,52.92,122.5,FAIL,1
nsga2_20260905_202339,20260905_202339,nsga2,10.765629888911283,15.607868366869383,5.368759531498382,3.840293340694095e-05,5.370273061377656e-05,2.180241893549298e-06,1.4286435079070283e-05,4.315544126940916e-06,3.6503108944303346e-12,23.179999999999993,97.22,FAIL,1
nsga2_20260905_202339,20260905_202339,nsga2,14.780584823448539,13.423454210299493,9.193308226770718,4.340582913041729e-05,6.188619569798426e-05,8.19760634500984e-06,3.4376933976829264e-05,5.664858251850328e-06,2.766671966032781e-12,30.840000000000003,96.81,FAIL,1
nsga2_20260905_202339,20260905_202339,nsga2,6.279225337127618,5.6210938218202156,5.844073276985907,4.5120039171849936e-06,2.6002970963974637e-05,7.809694688280165e-06,8.546269415238517e-05,6.804144834670202e-06,9.882415585186319e-12,54.52,114.1,FAIL,1
nsga2_20260905_202339,20260905_202339,nsga2,1.776427667108381,16.875815113505208,6.355678719926301,1.0879784122446354e-05,6.40413385926388e-05,8.148020914877591e-06,9.637798602264358e-05,1.929985889001186e-06,5.339911493794028e-12,46.07,92.56,FAIL,1
nsga2_20260905_202339,20260905_202339,nsga2,1.6572259322757115,15.31701641582168,11.170114358539086,1.668766631000488e-05,7.890634173181191e-05,3.3803508782706268e-06,1.6444658090804768e-05,1.7733961238480651e-06,3.850718449777658e-12,60.73,106.6,FAIL,1
nsga2_20260905_202339,20260905_202339,nsga2,4.731886013265868,4.821756783017539,6.39232328993849,1.5912454611434417e-05,4.753864540759759e-05,5.846584995511093e-06,9.717749056928953e-05,7.859309281775453e-06,5.799846315376515e-12,89.52,153.1,PASS,1
nsga2_20260905_202339,20260905_202339,nsga2,7.835951603359595,10.551848383952235,15.39675256466955,1.9260198752204024e-05,5.0529154134394596e-05,6.774303583674978e-06,7.86610951451767e-05,9.730184927745436e-06,3.5691870590702062e-12,85.62,153.5,PASS,1
nsga2_20260905_202339,20260905_202339,nsga2,10.088970037283824,15.674575876053916,8.683011981138202,1.9260198752204024e-05,5.0529154134394596e-05,6.588668055360824e-07,5.014165245034559e-05,9.919700842833232e-06,3.5691870590702062e-12,39.45,122.8,FAIL,1
nsga2_20260905_202339,20260905_202339,nsga2,7.508332504386258,12.702029400277496,6.532007366041951,1.9260198752204024e-05,5.015988549301057e-05,5.834398555850681e-07,4.652416991935126e-05,9.739231677199461e-06,3.5691870590702062e-12,34.54,119.5,FAIL,1
nsga2_20260905_202339,20260905_202339,nsga2,7.818439889985993,5.765401783799644,5.844073276985907,2.051514822968957e-05,2.526531014036947e-05,6.776825204841014e-06,8.546269415238517e-05,9.670053390327445e-06,2.99205003628354e-12,52.92,108.4,FAIL,1
nsga2_20260905_202339,20260905_202339,nsga2,15.42610151025202,4.742382745433934,18.436152886247342,1.4587581911222533e-05,3.17313002631243e-05,1.1686803416681596e-06,4.561600563300741e-05,2.7638328893445077e-06,4.6532616778784484e-12,74.86,42.71,FAIL,1
nsga2_20260905_202339,20260905_202339,nsga2,10.615233528058086,16.74350147990279,6.60512241330487,3.850795646748557e-05,5.277554216267949e-05,1.9159562220217693e-06,9.650728407477964e-05,7.700294114450435e-06,5.877783519050272e-12,46.71,121.2,FAIL,1
nsga2_20260905_202339,20260905_202339,nsga2,3.0689023152267607,4.687486205844042,8.138707123322597,1.5912454611434417e-05,3.151087152434779e-05,5.978647304403044e-06,5.040008100824797e-05,7.849568479281519e-06,7.928813064613456e-12,89.31,140.3,PASS,1
nsga2_20260905_202339,20260905_202339,nsga2,7.835951603359595,5.137241004244087,15.39675256466955,1.9260198752204024e-05,5.0529154134394596e-05,6.774303583674978e-06,9.835985544260912e-05,9.730184927745436e-06,3.5691870590702062e-12,86.52,78.39,PASS,1
nsga2_20260905_202339,20260905_202339,nsga2,4.755429714237083,17.55178119233112,5.088237797132236,4.161435928282372e-05,4.102605487475081e-06,8.34213422723878e-06,4.576798585699902e-05,4.120447909821843e-06,4.6279419272591826e-12,74.12,99.7,FAIL,1
nsga2_20260905_202339,20260905_202339,nsga2,5.473101852851627,16.224016891815523,6.577485190697838,4.171938234336832e-05,4.531612591513795e-05,8.077997838458837e-06,9.990522906555452e-05,4.0638964667180974e-06,3.857440905546606e-12,84.95,127.7,FAIL,1
nsga2_20260905_202339,20260905_202339,nsga2,5.5150967314974695,13.424757496046192,6.758831094699156,4.171938234336832e-05,5.602368912089524e-06,8.077997838458837e-06,9.698321201903288e-05,3.690061521277663e-06,3.857440905546606e-12,72.78,98.25,FAIL,1
nsga2_20260905_202339,20260905_202339,nsga2,5.5335455037086385,17.55178119233112,5.0366869080743815,4.161435928282372e-05,4.5362395457816095e-06,8.654087307900969e-06,9.532721049775084e-05,3.947487759278872e-06,4.6279419272591826e-12,73.54,92.58,FAIL,1
nsga2_20260905_202339,20260905_202339,nsga2,6.29673705050122,10.407540425312337,15.39675256466955,3.261671251151942e-06,5.1266814981328436e-05,7.807173067114078e-06,7.86610951451767e-05,6.861300855333007e-06,9.99600013751905e-12,44.03,94.14,FAIL,1
nsga2_20260905_202339,20260905_202339,nsga2,3.412580395267021,12.287872755466406,8.138707123322597,1.5876685682911117e-05,7.469866842747526e-05,6.065362393903705e-06,5.227737710399618e-05,7.607634897220491e-06,8.120205533555246e-12,92.03,136.3,PASS,1
nsga2_20260905_202339,20260905_202339,nsga2,4.731886013265868,3.995158761342487,6.39232328993849,1.5912454611434417e-05,4.746836670419483e-05,5.846584995511093e-06,9.717749056928953e-05,4.531496996774003e-06,3.5791710976886395e-12,70.43,67.47,FAIL,1
nsga2_20260905_202339,20260905_202339,nsga2,19.679239424846678,4.05238816672741,19.399815924886823,2.53775401004893e-05,1.18518015633358e-05,7.197395712539051e-06,6.967485748907519e-05,1.8054177096212956e-06,4.1055729240508316e-12,41.96,132.4,FAIL,1
nsga2_20260905_202339,20260905_202339,nsga2,3.4286366961674988,4.861589337660535,6.39232328993849,1.5912454611434417e-05,3.151087152434779e-05,5.978647304403044e-06,9.717749056928953e-05,7.85931096701576e-06,8.120205533555246e-12,74.44,102.9,FAIL,1
nsga2_20260905_202339,20260905_202339,nsga2,4.731886013265868,10.236364265503626,6.39232328993849,1.5912454611434417e-05,4.753864540759759e-05,5.6923631615738805e-06,7.741670952959294e-05,7.859309281775453e-06,5.799846315376515e-12,87.39,143.0,PASS,1
nsga2_20260905_202339,20260905_202339,nsga2,16.204224291648263,12.342766879951371,18.41718966748155,1.4122742205174683e-05,7.49190998251103e-05,1.2530713573804754e-06,4.5734995321275844e-05,2.4653430127826217e-06,4.6532616778784484e-12,76.89,33.92,FAIL,1
nsga2_20260905_202339,20260905_202339,nsga2,7.550327383032223,12.388587676770488,6.492265413184557,1.8548454758423043e-05,1.0833701433393244e-05,6.588668055360824e-07,9.616901324261543e-05,9.739231677199461e-06,3.5691870590702062e-12,51.31,137.9,FAIL,1
nsga2_20260905_202339,20260905_202339,nsga2,3.084958616127238,4.861589337660535,6.39232328993849,1.926991403670861e-05,5.0357458105886754e-05,5.978647304403044e-06,9.717749056928953e-05,9.770090122648268e-06,8.120205533555246e-12,91.07,139.5,PASS,1
nsga2_20260905_202339,20260905_202339,nsga2,10.017342830646378,15.916620559342222,6.60512241330487,3.850795646748557e-05,5.270526345927673e-05,1.9159562220217693e-06,9.650728407477964e-05,4.315544126940916e-06,2.7121754295192424e-12,61.86,115.7,FAIL,1
nsga2_20260905_202339,20260905_202339,nsga2,3.412580395267021,10.250138542866932,15.424291168599648,1.5912454611434417e-05,3.151087152434779e-05,5.9900977736091386e-06,5.040008100824797e-05,7.849570164521828e-06,3.492129014750696e-12,67.93,95.52,FAIL,1
nsga2_20260905_202339,20260905_202339,nsga2,7.8269399340469885,12.287872755466406,8.138707123322597,1.599120679511716e-05,7.469866842747526e-05,6.065362393903705e-06,5.227737710399618e-05,7.607634897220491e-06,3.3652362005390553e-12,56.8,123.1,FAIL,1
nsga2_20260905_202339,20260905_202339,nsga2,7.536263151944196,12.388587676770488,6.492265413184557,1.8548454758423043e-05,1.4192121787794385e-05,7.85949282712634e-07,9.601304164315219e-05,9.739231677199461e-06,5.612216187022125e-12,52.88,140.1,FAIL,1
nsga2_20260905_202339,20260905_202339,nsga2,3.0689023152267607,4.687486205844042,4.828305004173451,1.5912454611434417e-05,4.478854601591977e-05,8.044271071995443e-06,5.040008100824797e-05,7.803665300043553e-06,7.911916589106233e-12,87.33,142.2,PASS,1
nsga2_20260905_202339,20260905_202339,nsga2,19.308747101307194,4.8571188998066095,6.39232328993849,1.6042035067172747e-05,1.193973361964018e-05,5.846584995511093e-06,6.365273129712074e-05,1.6725244420748443e-06,4.060698761222625e-12,68.13,138.0,FAIL,1
nsga2_20260905_202339,20260905_202339,nsga2,5.668934824639388,12.51895689071709,6.577485190697838,3.197251556830953e-05,4.948781408462916e-05,8.077997838458837e-06,9.998293217732468e-05,9.449677307799985e-06,3.857440905546606e-12,62.24,110.9,FAIL,1
nsga2_20260905_202339,20260905_202339,nsga2,3.1087228724002443,12.26577135269123,6.39232328993849,1.5912079729780655e-05,4.9339197593837596e-05,5.6923631615738805e-06,7.741670952959294e-05,7.859309281775453e-06,5.799846315376515e-12,88.9,118.2,PASS,1
nsga2_20260905_202339,20260905_202339,nsga2,19.679239424846678,4.05238816672741,19.399815924886823,2.53775401004893e-05,5.138178686677495e-05,7.197395712539051e-06,7.006957712839093e-05,1.4407095922346363e-06,3.561438771061755e-12,60.83,32.22,FAIL,1
nsga2_20260905_202339,20260905_202339,nsga2,3.412580395267021,4.648369004944966,8.138707123322597,1.5912454611434417e-05,3.151087152434779e-05,5.978647304403044e-06,7.314451723628081e-05,7.849570164521828e-06,8.120205533555246e-12,78.49,94.74,FAIL,1
nsga2_20260905_202339,20260905_202339,nsga2,15.42610151025202,4.742382745433934,18.56931514537041,1.4587581911222533e-05,3.17313002631243e-05,1.1686803416681596e-06,4.561600563300741e-05,2.7638328893445077e-06,4.6532616778784484e-12,72.47,41.63,FAIL,1
nsga2_20260905_202339,20260905_202339,nsga2,7.835951603359595,4.989196227454797,8.367090684824161,1.9260198752204024e-05,5.0529154134394596e-05,6.762853114468884e-06,7.86610951451767e-05,9.767225556361843e-06,8.288614769248675e-12,60.57,143.6,FAIL,1
nsga2_20260905_202339,20260905_202339,nsga2,6.673784206752416,5.137241004244087,15.39675256466955,1.9145677639997982e-05,5.0529154134394596e-05,6.774303583674978e-06,9.835985544260912e-05,9.730184927745436e-06,8.32412443896041e-12,87.57,89.48,PASS,1
nsga2_20260905_202339,20260905_202339,nsga2,4.745950244398177,10.236364265503626,6.624205743673998,1.5912454611434417e-05,3.908445605553438e-05,5.596545025131583e-06,7.75714801802457e-05,7.859309281775453e-06,3.756817187568272e-12,89.07,133.7,PASS,1
nsga2_20260905_202339,20260905_202339,nsga2,5.473101852851627,16.224016891815523,6.577485190697838,4.5966453823500894e-05,2.9628206648838556e-05,6.0123740690018915e-06,9.990522906555452e-05,4.10979934131442e-06,3.8743365940717204e-12,84.89,133.3,FAIL,1
nsga2_20260905_202339,20260905_202339,nsga2,4.970679122017526,4.05238816672741,19.399815924886823,2.5247959644761507e-05,4.745090190868358e-05,6.423152677606254e-06,9.685750642465698e-05,7.993097711209974e-06,5.844720478206653e-12,68.24,111.1,FAIL,1
nsga2_20260905_202339,20260905_202339,nsga2,7.354494411244528,16.093647676336808,6.492265413184557,1.8548454758423043e-05,1.0833701433393244e-05,6.588668055360824e-07,9.616901324261543e-05,4.369641118494229e-06,3.5691870590702062e-12,79.06,89.84,FAIL,1
nsga2_20260905_202339,20260905_202339,nsga2,3.412580395267021,10.258465668278804,8.138707123322597,1.587706056456488e-05,7.469866842747526e-05,6.065362393903705e-06,5.227737710399618e-05,7.607634897220491e-06,8.120205533555246e-12,92.28,141.3,PASS,1
nsga2_20260905_202339,20260905_202339,nsga2,7.835951603359595,13.188758200606463,8.238649246568663,1.9260198752204024e-05,1.1000218230206909e-05,6.588668055360824e-07,4.91143648868418e-05,9.884464557838143e-06,4.113321212059282e-12,39.02000000000001,114.7,FAIL,1
nsga2_20260905_202339,20260905_202339,nsga2,7.835951603359595,10.590965885096027,15.39675256466955,1.9260198752204024e-05,5.0529154134394596e-05,6.708935360445944e-06,5.024642051908489e-05,8.95656896117924e-06,3.4384596005835707e-12,65.24,132.3,FAIL,1
nsga2_20260905_204404,20260905_204404,nsga2,10.724610869304877,19.05881023019277,3.739032641673041,4.7447877522721014e-05,3.13895957654454e-05,4.521601265239469e-06,8.282194860389804e-05,4.387391795507032e-06,5.946343189057535e-12,40.14,105.6,FAIL,1
nsga2_20260905_204404,20260905_204404,nsga2,1.523623151618299,15.316749064821325,11.224722951166287,1.668766631000488e-05,7.890634173181191e-05,3.3803508782706268e-06,4.5513739581220955e-05,1.7733961238480651e-06,4.628016878024163e-12,51.72,96.93,FAIL,1
nsga2_20260905_204404,20260905_204404,nsga2,4.865649572846843,5.983953468395141,15.256928779970998,1.4236315271906184e-05,4.867354015083401e-05,9.817003398111766e-06,9.617722220827954e-05,7.385504437348569e-06,5.871041699926908e-12,58.72,110.9,FAIL,1
nsga2_20260905_204404,20260905_204404,nsga2,6.260932876862046,4.05238816672741,19.42858285110652,2.594860870172957e-05,1.18518015633358e-05,6.423152677606254e-06,7.77353064999271e-05,6.323531360003884e-06,9.255679343118123e-12,70.3,104.3,FAIL,1
nsga2_20260905_204404,20260905_204404,nsga2,1.7522646566198543,11.04319600194041,9.727381774822671,3.398774083748817e-06,6.424041846319568e-05,8.600011965566239e-06,5.9416219504997114e-05,2.97092575350362e-06,8.558933689282679e-12,39.06000000000001,92.21,FAIL,1
nsga2_20260905_204404,20260905_204404,nsga2,10.680421748908678,10.706888804864127,15.30757394634138,7.65172517851234e-06,8.20167838961919e-05,6.9912256070309424e-06,7.877356507301365e-05,2.3203544606912846e-06,8.22127745021077e-12,43.22,106.2,FAIL,1
nsga2_20260905_204404,20260905_204404,nsga2,4.635154595086805,2.5494997299067417,17.249312511454335,4.3105789760030114e-05,8.769074851273307e-05,4.983142333908507e-06,2.7622624344787713e-05,5.673723717300796e-07,6.81148806017453e-12,nan,nan,FAIL,1
nsga2_20260905_204404,20260905_204404,nsga2,14.678278286665169,16.875815113505208,6.355678719926301,1.0996342907999787e-05,6.40413385926388e-05,8.148020914877591e-06,9.637798602264358e-05,1.929985889001186e-06,5.339911493794028e-12,67.48,59.29,FAIL,1
nsga2_20260905_204404,20260905_204404,nsga2,17.999601381727295,9.031621231963308,12.200539179596914,1.517186671420151e-06,6.7443950749148e-05,9.231341886521313e-06,8.273448535680508e-05,8.912442533744494e-06,6.94319842468471e-12,44.25,98.12,FAIL,1
nsga2_20260905_204404,20260905_204404,nsga2,5.665493077620374,15.601822979028833,5.0218201095427,4.161435928282372e-05,6.552976880305594e-06,8.34213422723878e-06,1.67013744674679e-05,4.0638964667180974e-06,3.850643499012678e-12,29.37999999999999,93.64,FAIL,1
nsga2_20260905_204404,20260905_204404,nsga2,14.135403670277084,4.392865685313066,8.528867082122742,5.89482376866653e-07,2.647072286118512e-05,4.501293735175075e-06,1.0860347299720249e-05,6.515019487347298e-06,4.423818428978791e-12,45.15,116.2,FAIL,1
nsga2_20260905_204404,20260905_204404,nsga2,14.780584823448539,13.423454210299493,9.193308226770718,4.340582913041729e-05,6.332387121476665e-05,8.19760634500984e-06,3.4376933976829264e-05,5.664858251850328e-06,2.766671966032781e-12,30.89,96.83,FAIL,1
nsga2_20260905_204404,20260905_204404,nsga2,19.92668261225393,5.6210938218202156,5.880481877314952,3.937546597831008e-06,2.6002970963974637e-05,7.749721059168504e-06,6.98799889971032e-05,1.7223955170131097e-06,4.386146512852848e-12,38.88,122.19999999999999,FAIL,1
nsga2_20260905_204404,20260905_204404,nsga2,8.997506497731795,13.634700680877254,9.662650297831227,2.9449960843228907e-05,8.401655497981154e-05,7.401499297967519e-06,3.6691224171803324e-05,4.7597649387726e-06,4.309296127210059e-12,47.88,115.4,FAIL,1
nsga2_20260905_204404,20260905_204404,nsga2,3.084958616127238,4.861589337660535,6.39232328993849,1.5912454611434417e-05,3.151087152434779e-05,5.978647304403044e-06,9.717749056928953e-05,7.859309281775453e-06,8.120205533555246e-12,74.45,102.8,FAIL,1
nsga2_20260905_204404,20260905_204404,nsga2,15.42610151025202,12.342766879951371,18.436152886247342,3.457461872571992e-05,5.018553614446604e-05,1.2322961807551182e-06,4.8998387940426725e-05,2.521894455733176e-06,2.194266677921085e-12,73.25,33.76,FAIL,1
nsga2_20260905_204404,20260905_204404,nsga2,10.615233528058086,15.916620559342222,6.60512241330487,3.850795646748557e-05,5.270526345927673e-05,1.9159562220217693e-06,9.650728407477964e-05,4.315544126940916e-06,3.657108300964262e-12,57.32,125.6,FAIL,1
nsga2_20260905_204404,20260905_204404,nsga2,17.092969042040863,3.3647463177941166,14.938218760400364,9.634889705503775e-06,3.943143006845447e-05,2.7030488453903147e-06,8.417043087143097e-05,4.2057082434286865e-06,9.772235315940603e-12,63.14,57.74,FAIL,1
nsga2_20260905_204404,20260905_204404,nsga2,12.879968203887028,14.17883385935539,10.908977320515934,1.5655719494056878e-05,3.9736975178927146e-05,9.438874782788066e-06,2.0359959112249046e-05,9.888079561592016e-06,7.824752758034365e-12,33.64,95.4,FAIL,1
nsga2_20260905_204404,20260905_204404,nsga2,7.835951603359595,13.188758200606463,8.238649246568663,1.9260198752204024e-05,5.0529154134394596e-05,6.588668055360824e-07,4.95090845263566e-05,9.730184927745436e-06,3.5691870590702062e-12,42.29999999999999,127.9,FAIL,1
nsga2_20260905_204404,20260905_204404,nsga2,19.679239424846678,4.05238816672741,19.399815924886823,2.53775401004893e-05,1.18518015633358e-05,6.423152677606254e-06,6.967485748907519e-05,1.8054177096212956e-06,4.1055729240508316e-12,43.16,143.4,FAIL,1
nsga2_20260905_204404,20260905_204404,nsga2,6.279225337127618,5.6210938218202156,5.844073276985907,4.5120039171849936e-06,2.6002970963974637e-05,7.809694688280165e-06,8.546269415238517e-05,6.804144834670202e-06,9.882415585186319e-12,54.52,114.1,FAIL,1
nsga2_20260905_204404,20260905_204404,nsga2,19.92668261225393,6.063124884501353,14.168941908172219,3.464689936134245e-06,2.6002970963974637e-05,9.8760815382629e-06,6.98799889971032e-05,7.287030395150457e-06,4.386146512852848e-12,45.71,103.2,FAIL,1
nsga2_20260905_204404,20260905_204404,nsga2,14.678278286665169,16.875815113505208,19.664228348178312,1.0996342907999787e-05,6.40413385926388e-05,8.148020914877591e-06,9.637798602264358e-05,1.795618247791352e-06,5.339911493794028e-12,38.71000000000001,99.24,FAIL,1
nsga2_20260905_204404,20260905_204404,nsga2,4.155312800174241,5.5817549603569985,6.96846842603094,1.4236315271906184e-05,3.264576626758931e-05,7.758932246390778e-06,9.617722220827954e-05,1.8211413910528575e-06,8.191400894016814e-12,45.92,111.1,FAIL,1
nsga2_20260905_204404,20260905_204404,nsga2,3.391928384966276,4.971163486888842,4.300691970257537,3.457461872571992e-05,5.0480731358870144e-05,1.1845331945071944e-06,4.887496630158072e-05,2.340296249585209e-06,2.2014115459784176e-12,88.8,28.15,FAIL,1
nsga2_20260905_204404,20260905_204404,nsga2,2.872481527973851,4.604964707382953,18.464356327357553,1.5898745787242278e-05,8.59866252897714e-06,6.5792749460782635e-06,4.9048744006864935e-05,1.8054177096212956e-06,2.2928261953680603e-12,35.400000000000006,95.45,FAIL,1
nsga2_20260905_210058,20260905_210058,nsga2,10.724610869304877,19.05881023019277,3.739032641673041,4.7447877522721014e-05,3.13895957654454e-05,4.521601265239469e-06,8.282194860389804e-05,4.387391795507032e-06,5.946343189057535e-12,40.14,105.6,FAIL,1
nsga2_20260905_210058,20260905_210058,nsga2,1.523623151618299,15.316749064821325,11.224722951166287,1.668766631000488e-05,7.890634173181191e-05,3.3803508782706268e-06,4.5513739581220955e-05,1.7733961238480651e-06,4.628016878024163e-12,51.72,96.93,FAIL,1
nsga2_20260905_210058,20260905_210058,nsga2,4.865649572846843,5.983953468395141,15.256928779970998,1.4236315271906184e-05,4.867354015083401e-05,9.817003398111766e-06,9.617722220827954e-05,7.385504437348569e-06,5.871041699926908e-12,58.72,110.9,FAIL,1
nsga2_20260905_210058,20260905_210058,nsga2,6.260932876862046,4.05238816672741,19.42858285110652,2.594860870172957e-05,1.18518015633358e-05,6.423152677606254e-06,7.77353064999271e-05,6.323531360003884e-06,9.255679343118123e-12,70.3,104.3,FAIL,1
nsga2_20260905_210058,20260905_210058,nsga2,1.7522646566198543,11.04319600194041,9.727381774822671,3.398774083748817e-06,6.424041846319568e-05,8.600011965566239e-06,5.9416219504997114e-05,2.97092575350362e-06,8.558933689282679e-12,39.06000000000001,92.21,FAIL,1
nsga2_20260905_210058,20260905_210058,nsga2,10.680421748908678,10.706888804864127,15.30757394634138,7.65172517851234e-06,8.20167838961919e-05,6.9912256070309424e-06,7.877356507301365e-05,2.3203544606912846e-06,8.22127745021077e-12,43.22,106.2,FAIL,1
nsga2_20260905_210058,20260905_210058,nsga2,4.635154595086805,2.5494997299067417,17.249312511454335,4.3105789760030114e-05,8.769074851273307e-05,4.983142333908507e-06,2.7622624344787713e-05,5.673723717300796e-07,6.81148806017453e-12,nan,nan,FAIL,1
nsga2_20260905_210058,20260905_210058,nsga2,14.678278286665169,16.875815113505208,6.355678719926301,1.0996342907999787e-05,6.40413385926388e-05,8.148020914877591e-06,9.637798602264358e-05,1.929985889001186e-06,5.339911493794028e-12,67.48,59.29,FAIL,1
nsga2_20260905_210058,20260905_210058,nsga2,17.999601381727295,9.031621231963308,12.200539179596914,1.517186671420151e-06,6.7443950749148e-05,9.231341886521313e-06,8.273448535680508e-05,8.912442533744494e-06,6.94319842468471e-12,44.25,98.12,FAIL,1
nsga2_20260905_210058,20260905_210058,nsga2,5.665493077620374,15.601822979028833,5.0218201095427,4.161435928282372e-05,6.552976880305594e-06,8.34213422723878e-06,1.67013744674679e-05,4.0638964667180974e-06,3.850643499012678e-12,29.37999999999999,93.64,FAIL,1
nsga2_20260905_210058,20260905_210058,nsga2,14.135403670277084,4.392865685313066,8.528867082122742,5.89482376866653e-07,2.647072286118512e-05,4.501293735175075e-06,1.0860347299720249e-05,6.515019487347298e-06,4.423818428978791e-12,45.15,116.2,FAIL,1
nsga2_20260905_210058,20260905_210058,nsga2,14.780584823448539,13.423454210299493,9.193308226770718,4.340582913041729e-05,6.332387121476665e-05,8.19760634500984e-06,3.4376933976829264e-05,5.664858251850328e-06,2.766671966032781e-12,30.89,96.83,FAIL,1
nsga2_20260905_210058,20260905_210058,nsga2,19.92668261225393,5.6210938218202156,5.880481877314952,3.937546597831008e-06,2.6002970963974637e-05,7.749721059168504e-06,6.98799889971032e-05,1.7223955170131097e-06,4.386146512852848e-12,38.88,122.19999999999999,FAIL,1
nsga2_20260905_210058,20260905_210058,nsga2,8.997506497731795,13.634700680877254,9.662650297831227,2.9449960843228907e-05,8.401655497981154e-05,7.401499297967519e-06,3.6691224171803324e-05,4.7597649387726e-06,4.309296127210059e-12,47.88,115.4,FAIL,1
nsga2_20260905_210058,20260905_210058,nsga2,3.084958616127238,4.861589337660535,6.39232328993849,1.5912454611434417e-05,3.151087152434779e-05,5.978647304403044e-06,9.717749056928953e-05,7.859309281775453e-06,8.120205533555246e-12,74.45,102.8,FAIL,1
nsga2_20260905_210058,20260905_210058,nsga2,15.42610151025202,12.342766879951371,18.436152886247342,3.457461872571992e-05,5.018553614446604e-05,1.2322961807551182e-06,4.8998387940426725e-05,2.521894455733176e-06,2.194266677921085e-12,73.25,33.76,FAIL,1
nsga2_20260905_210058,20260905_210058,nsga2,10.615233528058086,15.916620559342222,6.60512241330487,3.850795646748557e-05,5.270526345927673e-05,1.9159562220217693e-06,9.650728407477964e-05,4.315544126940916e-06,3.657108300964262e-12,57.32,125.6,FAIL,1
nsga2_20260905_210058,20260905_210058,nsga2,17.092969042040863,3.3647463177941166,14.938218760400364,9.634889705503775e-06,3.943143006845447e-05,2.7030488453903147e-06,8.417043087143097e-05,4.2057082434286865e-06,9.772235315940603e-12,63.14,57.74,FAIL,1
nsga2_20260905_210058,20260905_210058,nsga2,12.879968203887028,14.17883385935539,10.908977320515934,1.5655719494056878e-05,3.9736975178927146e-05,9.438874782788066e-06,2.0359959112249046e-05,9.888079561592016e-06,7.824752758034365e-12,33.64,95.4,FAIL,1
nsga2_20260905_210058,20260905_210058,nsga2,7.835951603359595,13.188758200606463,8.238649246568663,1.9260198752204024e-05,5.0529154134394596e-05,6.588668055360824e-07,4.95090845263566e-05,9.730184927745436e-06,3.5691870590702062e-12,42.29999999999999,127.9,FAIL,1
nsga2_20260905_210058,20260905_210058,nsga2,10.680421748908678,12.354441132566551,8.149470330278723,7.65172517851234e-06,8.030567072479151e-05,9.232057474703884e-07,4.9621554186133214e-05,2.3203544606912846e-06,8.22127745021077e-12,70.71,32.26,FAIL,1
nsga2_20260905_210058,20260905_210058,nsga2,15.42610151025202,12.342766879951371,18.436152886247342,1.4551812982699233e-05,7.49190998251103e-05,1.2530713573804754e-06,4.57325212607622e-05,2.521894455733176e-06,4.6532616778784484e-12,77.91,34.88,FAIL,1
nsga2_20260905_210058,20260905_210058,nsga2,10.765629888911283,15.607868366869383,5.368759531498382,3.840293340694095e-05,5.370273061377656e-05,2.180241893549298e-06,1.4286435079070283e-05,4.315544126940916e-06,3.6503108944303346e-12,23.179999999999993,97.22,FAIL,1
nsga2_20260905_210058,20260905_210058,nsga2,4.865649572846843,5.983953468395141,8.557348887243153,1.4236315271906184e-05,4.867354015083401e-05,5.367174234599936e-07,9.617722220827954e-05,7.385504437348569e-06,3.5378761792692367e-12,57.27,55.2,FAIL,1
nsga2_20260905_210058,20260905_210058,nsga2,8.005317766205197,15.916620559342222,6.60512241330487,1.8560105550813402e-05,6.083177410836992e-05,1.9159562220217693e-06,4.487646283556402e-05,9.84734091429875e-06,3.5787691019389356e-12,46.07,107.0,FAIL,1
nsga2_20260905_212114,20260905_212114,nsga2,10.724610869304877,19.05881023019277,3.739032641673041,4.7447877522721014e-05,3.13895957654454e-05,4.521601265239469e-06,8.282194860389804e-05,4.387391795507032e-06,5.946343189057535e-12,40.14,105.6,FAIL,1
nsga2_20260905_212114,20260905_212114,nsga2,1.523623151618299,15.316749064821325,11.224722951166287,1.668766631000488e-05,7.890634173181191e-05,3.3803508782706268e-06,4.5513739581220955e-05,1.7733961238480651e-06,4.628016878024163e-12,51.72,96.93,FAIL,1
nsga2_20260905_212114,20260905_212114,nsga2,4.865649572846843,5.983953468395141,15.256928779970998,1.4236315271906184e-05,4.867354015083401e-05,9.817003398111766e-06,9.617722220827954e-05,7.385504437348569e-06,5.871041699926908e-12,58.72,110.9,FAIL,1
nsga2_20260905_212114,20260905_212114,nsga2,6.260932876862046,4.05238816672741,19.42858285110652,2.594860870172957e-05,1.18518015633358e-05,6.423152677606254e-06,7.77353064999271e-05,6.323531360003884e-06,9.255679343118123e-12,70.3,104.3,FAIL,1
nsga2_20260905_212114,20260905_212114,nsga2,1.7522646566198543,11.04319600194041,9.727381774822671,3.398774083748817e-06,6.424041846319568e-05,8.600011965566239e-06,5.9416219504997114e-05,2.97092575350362e-06,8.558933689282679e-12,39.06000000000001,92.21,FAIL,1
nsga2_20260905_212114,20260905_212114,nsga2,10.680421748908678,10.706888804864127,15.30757394634138,7.65172517851234e-06,8.20167838961919e-05,6.9912256070309424e-06,7.877356507301365e-05,2.3203544606912846e-06,8.22127745021077e-12,43.22,106.2,FAIL,1
nsga2_20260905_212114,20260905_212114,nsga2,4.635154595086805,2.5494997299067417,17.249312511454335,4.3105789760030114e-05,8.769074851273307e-05,4.983142333908507e-06,2.7622624344787713e-05,5.673723717300796e-07,6.81148806017453e-12,nan,nan,FAIL,1
nsga2_20260905_212114,20260905_212114,nsga2,14.678278286665169,16.875815113505208,6.355678719926301,1.0996342907999787e-05,6.40413385926388e-05,8.148020914877591e-06,9.637798602264358e-05,1.929985889001186e-06,5.339911493794028e-12,67.48,59.29,FAIL,1
nsga2_20260905_212114,20260905_212114,nsga2,17.999601381727295,9.031621231963308,12.200539179596914,1.517186671420151e-06,6.7443950749148e-05,9.231341886521313e-06,8.273448535680508e-05,8.912442533744494e-06,6.94319842468471e-12,44.25,98.12,FAIL,1
nsga2_20260905_212114,20260905_212114,nsga2,5.665493077620374,15.601822979028833,5.0218201095427,4.161435928282372e-05,6.552976880305594e-06,8.34213422723878e-06,1.67013744674679e-05,4.0638964667180974e-06,3.850643499012678e-12,29.37999999999999,93.64,FAIL,1
nsga2_20260905_212114,20260905_212114,nsga2,14.135403670277084,4.392865685313066,8.528867082122742,5.89482376866653e-07,2.647072286118512e-05,4.501293735175075e-06,1.0860347299720249e-05,6.515019487347298e-06,4.423818428978791e-12,45.15,116.2,FAIL,1
nsga2_20260905_212114,20260905_212114,nsga2,14.780584823448539,13.423454210299493,9.193308226770718,4.340582913041729e-05,6.332387121476665e-05,8.19760634500984e-06,3.4376933976829264e-05,5.664858251850328e-06,2.766671966032781e-12,30.89,96.83,FAIL,1
nsga2_20260905_212114,20260905_212114,nsga2,19.92668261225393,5.6210938218202156,5.880481877314952,3.937546597831008e-06,2.6002970963974637e-05,7.749721059168504e-06,6.98799889971032e-05,1.7223955170131097e-06,4.386146512852848e-12,38.88,122.19999999999999,FAIL,1
nsga2_20260905_212114,20260905_212114,nsga2,8.997506497731795,13.634700680877254,9.662650297831227,2.9449960843228907e-05,8.401655497981154e-05,7.401499297967519e-06,3.6691224171803324e-05,4.7597649387726e-06,4.309296127210059e-12,47.88,115.4,FAIL,1
nsga2_20260905_212114,20260905_212114,nsga2,3.084958616127238,4.861589337660535,6.39232328993849,1.5912454611434417e-05,3.151087152434779e-05,5.978647304403044e-06,9.717749056928953e-05,7.859309281775453e-06,8.120205533555246e-12,74.45,102.8,FAIL,1
nsga2_20260905_212114,20260905_212114,nsga2,15.42610151025202,12.342766879951371,18.436152886247342,3.457461872571992e-05,5.018553614446604e-05,1.2322961807551182e-06,4.8998387940426725e-05,2.521894455733176e-06,2.194266677921085e-12,73.25,33.76,FAIL,1
nsga2_20260905_212114,20260905_212114,nsga2,10.615233528058086,15.916620559342222,6.60512241330487,3.850795646748557e-05,5.270526345927673e-05,1.9159562220217693e-06,9.650728407477964e-05,4.315544126940916e-06,3.657108300964262e-12,57.32,125.6,FAIL,1
nsga2_20260905_212114,20260905_212114,nsga2,17.092969042040863,3.3647463177941166,14.938218760400364,9.634889705503775e-06,3.943143006845447e-05,2.7030488453903147e-06,8.417043087143097e-05,4.2057082434286865e-06,9.772235315940603e-12,63.14,57.74,FAIL,1
nsga2_20260905_212114,20260905_212114,nsga2,12.879968203887028,14.17883385935539,10.908977320515934,1.5655719494056878e-05,3.9736975178927146e-05,9.438874782788066e-06,2.0359959112249046e-05,9.888079561592016e-06,7.824752758034365e-12,33.64,95.4,FAIL,1
nsga2_20260905_212114,20260905_212114,nsga2,7.835951603359595,13.188758200606463,8.238649246568663,1.9260198752204024e-05,5.0529154134394596e-05,6.588668055360824e-07,4.95090845263566e-05,9.730184927745436e-06,3.5691870590702062e-12,42.29999999999999,127.9,FAIL,1
nsga2_20260905_212114,20260905_212114,nsga2,19.73982819312899,5.642768597081111,14.63936267868022,4.207311883480497e-06,4.867354015083401e-05,9.734783638914368e-06,9.617722220827954e-05,7.385504437348569e-06,5.871041699926908e-12,49.8,119.7,FAIL,1
nsga2_20260905_212114,20260905_212114,nsga2,1.523623151618299,15.316749064821325,11.224722951166287,3.671047100432444e-05,5.4172777881053986e-05,3.3595837355626297e-06,4.877960626088548e-05,1.7733961238480651e-06,2.1690231006525814e-12,57.02,95.14,FAIL,1
nsga2_20260905_212114,20260905_212114,nsga2,3.412580395267021,4.687486205844042,8.138707123322597,1.5912454611434417e-05,3.151087152434779e-05,5.978647304403044e-06,5.040008100824797e-05,7.849570164521828e-06,8.120205533555246e-12,89.31,140.7,PASS,1
nsga2_20260905_212114,20260905_212114,nsga2,5.5150967314974695,15.910575171501673,6.577485190697838,4.171938234336832e-05,5.602368912089524e-06,8.077997838458837e-06,9.78108178384938e-05,4.0638964667180974e-06,3.857440905546606e-12,74.3,94.08,FAIL,1
nsga2_20260905_212114,20260905_212114,nsga2,10.680421748908678,10.706888804864127,15.30757394634138,2.540192688080842e-06,8.20167838961919e-05,6.9912256070309424e-06,7.877356507301365e-05,2.3203544606912846e-06,8.22127745021077e-12,32.940000000000005,96.13,FAIL,1
nsga2_20260905_212114,20260905_212114,nsga2,19.679239424846678,4.05238816672741,19.399815924886823,2.53775401004893e-05,1.18518015633358e-05,6.423152677606254e-06,6.967485748907519e-05,1.8054177096212956e-06,4.1055729240508316e-12,43.16,143.4,FAIL,1
nsga2_20260905_212114,20260905_212114,nsga2,14.690708851816016,11.04319600194041,9.727381774822671,3.5153411136402815e-06,6.786343153359012e-05,8.600011965566239e-06,5.9416219504997114e-05,2.97092575350362e-06,8.558933689282679e-12,44.56,108.5,FAIL,1
nsga2_20260905_212114,20260905_212114,nsga2,5.5335455037086385,17.55178119233112,5.076428860931769,4.161435928282372e-05,4.102605487475081e-06,8.34213422723878e-06,4.577045991751266e-05,4.0638964667180974e-06,4.6279419272591826e-12,72.99,99.89,FAIL,1
nsga2_20260905_212114,20260905_212114,nsga2,3.21872217580597,6.023786023038136,15.256928779970998,1.4236315271906184e-05,3.264576626758931e-05,9.892923825188185e-06,9.617722220827954e-05,7.385504437348569e-06,8.191400894016814e-12,53.06,98.26,FAIL,1
nsga2_20260905_212114,20260905_212114,nsga2,10.680421748908678,12.354441132566551,8.149470330278723,7.65172517851234e-06,8.030567072479151e-05,9.232057474703884e-07,4.9621554186133214e-05,2.3203544606912846e-06,8.22127745021077e-12,70.71,32.26,FAIL,1
nsga2_20260905_212114,20260905_212114,nsga2,3.2572929740569934,5.9622786931342455,6.498047613307695,1.3966579494800636e-05,2.6002970963974637e-05,7.82970625058619e-06,6.98799889971032e-05,1.7223955170131097e-06,4.386146512852848e-12,47.03,107.4,FAIL,1
nsga2_20260905_212114,20260905_212114,nsga2,15.42610151025202,12.342766879951371,18.436152886247342,1.4551812982699233e-05,7.49190998251103e-05,1.2530713573804754e-06,4.57325212607622e-05,2.521894455733176e-06,4.6532616778784484e-12,77.91,34.88,FAIL,1
nsga2_20260905_212114,20260905_212114,nsga2,7.508332504386258,12.702029400277496,6.492265413184557,1.9260198752204024e-05,5.0529154134394596e-05,6.588668055360824e-07,9.616192653727634e-05,9.739231677199461e-06,3.5691870590702062e-12,52.92,122.5,FAIL,1
nsga2_20260905_212114,20260905_212114,nsga2,10.765629888911283,15.607868366869383,5.368759531498382,3.840293340694095e-05,5.370273061377656e-05,2.180241893549298e-06,1.4286435079070283e-05,4.315544126940916e-06,3.6503108944303346e-12,23.179999999999993,97.22,FAIL,1
nsga2_20260905_212114,20260905_212114,nsga2,14.780584823448539,13.423454210299493,9.193308226770718,4.340582913041729e-05,6.188619569798426e-05,8.19760634500984e-06,3.4376933976829264e-05,5.664858251850328e-06,2.766671966032781e-12,30.840000000000003,96.81,FAIL,1
nsga2_20260905_212114,20260905_212114,nsga2,6.279225337127618,5.6210938218202156,5.844073276985907,4.5120039171849936e-06,2.6002970963974637e-05,7.809694688280165e-06,8.546269415238517e-05,6.804144834670202e-06,9.882415585186319e-12,54.52,114.1,FAIL,1
nsga2_20260905_212114,20260905_212114,nsga2,1.776427667108381,16.875815113505208,6.355678719926301,1.0879784122446354e-05,6.40413385926388e-05,8.148020914877591e-06,9.637798602264358e-05,1.929985889001186e-06,5.339911493794028e-12,46.07,92.56,FAIL,1
nsga2_20260905_212114,20260905_212114,nsga2,1.6572259322757115,15.31701641582168,11.170114358539086,1.668766631000488e-05,7.890634173181191e-05,3.3803508782706268e-06,1.6444658090804768e-05,1.7733961238480651e-06,3.850718449777658e-12,60.73,106.6,FAIL,1
nsga2_20260905_212114,20260905_212114,nsga2,4.731886013265868,4.821756783017539,6.39232328993849,1.5912454611434417e-05,4.753864540759759e-05,5.846584995511093e-06,9.717749056928953e-05,7.859309281775453e-06,5.799846315376515e-12,89.52,153.1,PASS,1
nsga2_20260905_212114,20260905_212114,nsga2,7.835951603359595,10.551848383952235,15.39675256466955,1.9260198752204024e-05,5.0529154134394596e-05,6.774303583674978e-06,7.86610951451767e-05,9.730184927745436e-06,3.5691870590702062e-12,85.62,153.5,PASS,1
nsga2_20260905_212114,20260905_212114,nsga2,10.088970037283824,15.674575876053916,8.683011981138202,1.9260198752204024e-05,5.0529154134394596e-05,6.588668055360824e-07,5.014165245034559e-05,9.919700842833232e-06,3.5691870590702062e-12,39.45,122.8,FAIL,1
nsga2_20260905_212114,20260905_212114,nsga2,7.508332504386258,12.702029400277496,6.532007366041951,1.9260198752204024e-05,5.015988549301057e-05,5.834398555850681e-07,4.652416991935126e-05,9.739231677199461e-06,3.5691870590702062e-12,34.54,119.5,FAIL,1
nsga2_20260905_212114,20260905_212114,nsga2,7.818439889985993,5.765401783799644,5.844073276985907,2.051514822968957e-05,2.526531014036947e-05,6.776825204841014e-06,8.546269415238517e-05,9.670053390327445e-06,2.99205003628354e-12,52.92,108.4,FAIL,1
nsga2_20260905_212114,20260905_212114,nsga2,15.42610151025202,4.742382745433934,18.436152886247342,1.4587581911222533e-05,3.17313002631243e-05,1.1686803416681596e-06,4.561600563300741e-05,2.7638328893445077e-06,4.6532616778784484e-12,74.86,42.71,FAIL,1
nsga2_20260905_212114,20260905_212114,nsga2,10.615233528058086,16.74350147990279,6.60512241330487,3.850795646748557e-05,5.277554216267949e-05,1.9159562220217693e-06,9.650728407477964e-05,7.700294114450435e-06,5.877783519050272e-12,46.71,121.2,FAIL,1
nsga2_20260905_212114,20260905_212114,nsga2,3.0689023152267607,4.687486205844042,8.138707123322597,1.5912454611434417e-05,3.151087152434779e-05,5.978647304403044e-06,5.040008100824797e-05,7.849568479281519e-06,7.928813064613456e-12,89.31,140.3,PASS,1
nsga2_20260905_212114,20260905_212114,nsga2,7.835951603359595,5.137241004244087,15.39675256466955,1.9260198752204024e-05,5.0529154134394596e-05,6.774303583674978e-06,9.835985544260912e-05,9.730184927745436e-06,3.5691870590702062e-12,86.52,78.39,PASS,1
nsga2_20260905_212114,20260905_212114,nsga2,4.755429714237083,17.55178119233112,5.088237797132236,4.161435928282372e-05,4.102605487475081e-06,8.34213422723878e-06,4.576798585699902e-05,4.120447909821843e-06,4.6279419272591826e-12,74.12,99.7,FAIL,1
nsga2_20260905_212114,20260905_212114,nsga2,5.473101852851627,16.224016891815523,6.577485190697838,4.171938234336832e-05,4.531612591513795e-05,8.077997838458837e-06,9.990522906555452e-05,4.0638964667180974e-06,3.857440905546606e-12,84.95,127.7,FAIL,1
nsga2_20260905_212114,20260905_212114,nsga2,5.5150967314974695,13.424757496046192,6.758831094699156,4.171938234336832e-05,5.602368912089524e-06,8.077997838458837e-06,9.698321201903288e-05,3.690061521277663e-06,3.857440905546606e-12,72.78,98.25,FAIL,1
nsga2_20260905_212114,20260905_212114,nsga2,5.5335455037086385,17.55178119233112,5.0366869080743815,4.161435928282372e-05,4.5362395457816095e-06,8.654087307900969e-06,9.532721049775084e-05,3.947487759278872e-06,4.6279419272591826e-12,73.54,92.58,FAIL,1
nsga2_20260905_212114,20260905_212114,nsga2,6.29673705050122,10.407540425312337,15.39675256466955,3.261671251151942e-06,5.1266814981328436e-05,7.807173067114078e-06,7.86610951451767e-05,6.861300855333007e-06,9.99600013751905e-12,44.03,94.14,FAIL,1
nsga2_20260905_212114,20260905_212114,nsga2,3.412580395267021,12.287872755466406,8.138707123322597,1.5876685682911117e-05,7.469866842747526e-05,6.065362393903705e-06,5.227737710399618e-05,7.607634897220491e-06,8.120205533555246e-12,92.03,136.3,PASS,1
nsga2_20260905_212114,20260905_212114,nsga2,4.731886013265868,3.995158761342487,6.39232328993849,1.5912454611434417e-05,4.746836670419483e-05,5.846584995511093e-06,9.717749056928953e-05,4.531496996774003e-06,3.5791710976886395e-12,70.43,67.47,FAIL,1
nsga2_20260905_212114,20260905_212114,nsga2,19.679239424846678,4.05238816672741,19.399815924886823,2.53775401004893e-05,1.18518015633358e-05,7.197395712539051e-06,6.967485748907519e-05,1.8054177096212956e-06,4.1055729240508316e-12,41.96,132.4,FAIL,1
nsga2_20260905_212114,20260905_212114,nsga2,3.4286366961674988,4.861589337660535,6.39232328993849,1.5912454611434417e-05,3.151087152434779e-05,5.978647304403044e-06,9.717749056928953e-05,7.85931096701576e-06,8.120205533555246e-12,74.44,102.9,FAIL,1
nsga2_20260905_212114,20260905_212114,nsga2,4.731886013265868,10.236364265503626,6.39232328993849,1.5912454611434417e-05,4.753864540759759e-05,5.6923631615738805e-06,7.741670952959294e-05,7.859309281775453e-06,5.799846315376515e-12,87.39,143.0,PASS,1
nsga2_20260905_212114,20260905_212114,nsga2,16.204224291648263,12.342766879951371,18.41718966748155,1.4122742205174683e-05,7.49190998251103e-05,1.2530713573804754e-06,4.5734995321275844e-05,2.4653430127826217e-06,4.6532616778784484e-12,76.89,33.92,FAIL,1
nsga2_20260905_212114,20260905_212114,nsga2,7.550327383032223,12.388587676770488,6.492265413184557,1.8548454758423043e-05,1.0833701433393244e-05,6.588668055360824e-07,9.616901324261543e-05,9.739231677199461e-06,3.5691870590702062e-12,51.31,137.9,FAIL,1
nsga2_20260905_212114,20260905_212114,nsga2,3.084958616127238,4.861589337660535,6.39232328993849,1.926991403670861e-05,5.0357458105886754e-05,5.978647304403044e-06,9.717749056928953e-05,9.770090122648268e-06,8.120205533555246e-12,91.07,139.5,PASS,1
nsga2_20260905_212114,20260905_212114,nsga2,10.017342830646378,15.916620559342222,6.60512241330487,3.850795646748557e-05,5.270526345927673e-05,1.9159562220217693e-06,9.650728407477964e-05,4.315544126940916e-06,2.7121754295192424e-12,61.86,115.7,FAIL,1
nsga2_20260905_212114,20260905_212114,nsga2,3.412580395267021,10.250138542866932,15.424291168599648,1.5912454611434417e-05,3.151087152434779e-05,5.9900977736091386e-06,5.040008100824797e-05,7.849570164521828e-06,3.492129014750696e-12,67.93,95.52,FAIL,1
nsga2_20260905_212114,20260905_212114,nsga2,7.8269399340469885,12.287872755466406,8.138707123322597,1.599120679511716e-05,7.469866842747526e-05,6.065362393903705e-06,5.227737710399618e-05,7.607634897220491e-06,3.3652362005390553e-12,56.8,123.1,FAIL,1
nsga2_20260905_212114,20260905_212114,nsga2,7.536263151944196,12.388587676770488,6.492265413184557,1.8548454758423043e-05,1.4192121787794385e-05,7.85949282712634e-07,9.601304164315219e-05,9.739231677199461e-06,5.612216187022125e-12,52.88,140.1,FAIL,1
nsga2_20260905_212114,20260905_212114,nsga2,3.0689023152267607,4.687486205844042,4.828305004173451,1.5912454611434417e-05,4.478854601591977e-05,8.044271071995443e-06,5.040008100824797e-05,7.803665300043553e-06,7.911916589106233e-12,87.33,142.2,PASS,1
nsga2_20260905_212114,20260905_212114,nsga2,19.308747101307194,4.8571188998066095,6.39232328993849,1.6042035067172747e-05,1.193973361964018e-05,5.846584995511093e-06,6.365273129712074e-05,1.6725244420748443e-06,4.060698761222625e-12,68.13,138.0,FAIL,1
nsga2_20260905_212114,20260905_212114,nsga2,5.668934824639388,12.51895689071709,6.577485190697838,3.197251556830953e-05,4.948781408462916e-05,8.077997838458837e-06,9.998293217732468e-05,9.449677307799985e-06,3.857440905546606e-12,62.24,110.9,FAIL,1
nsga2_20260905_212114,20260905_212114,nsga2,3.1087228724002443,12.26577135269123,6.39232328993849,1.5912079729780655e-05,4.9339197593837596e-05,5.6923631615738805e-06,7.741670952959294e-05,7.859309281775453e-06,5.799846315376515e-12,88.9,118.2,PASS,1
nsga2_20260905_212114,20260905_212114,nsga2,19.679239424846678,4.05238816672741,19.399815924886823,2.53775401004893e-05,5.138178686677495e-05,7.197395712539051e-06,7.006957712839093e-05,1.4407095922346363e-06,3.561438771061755e-12,60.83,32.22,FAIL,1
nsga2_20260905_212114,20260905_212114,nsga2,3.412580395267021,4.648369004944966,8.138707123322597,1.5912454611434417e-05,3.151087152434779e-05,5.978647304403044e-06,7.314451723628081e-05,7.849570164521828e-06,8.120205533555246e-12,78.49,94.74,FAIL,1
nsga2_20260905_212114,20260905_212114,nsga2,15.42610151025202,4.742382745433934,18.56931514537041,1.4587581911222533e-05,3.17313002631243e-05,1.1686803416681596e-06,4.561600563300741e-05,2.7638328893445077e-06,4.6532616778784484e-12,72.47,41.63,FAIL,1
nsga2_20260905_212114,20260905_212114,nsga2,7.835951603359595,4.989196227454797,8.367090684824161,1.9260198752204024e-05,5.0529154134394596e-05,6.762853114468884e-06,7.86610951451767e-05,9.767225556361843e-06,8.288614769248675e-12,60.57,143.6,FAIL,1
nsga2_20260905_212114,20260905_212114,nsga2,6.673784206752416,5.137241004244087,15.39675256466955,1.9145677639997982e-05,5.0529154134394596e-05,6.774303583674978e-06,9.835985544260912e-05,9.730184927745436e-06,8.32412443896041e-12,87.57,89.48,PASS,1
nsga2_20260905_212114,20260905_212114,nsga2,4.745950244398177,10.236364265503626,6.624205743673998,1.5912454611434417e-05,3.908445605553438e-05,5.596545025131583e-06,7.75714801802457e-05,7.859309281775453e-06,3.756817187568272e-12,89.07,133.7,PASS,1
nsga2_20260905_212114,20260905_212114,nsga2,5.473101852851627,16.224016891815523,6.577485190697838,4.5966453823500894e-05,2.9628206648838556e-05,6.0123740690018915e-06,9.990522906555452e-05,4.10979934131442e-06,3.8743365940717204e-12,84.89,133.3,FAIL,1
nsga2_20260905_212114,20260905_212114,nsga2,4.970679122017526,4.05238816672741,19.399815924886823,2.5247959644761507e-05,4.745090190868358e-05,6.423152677606254e-06,9.685750642465698e-05,7.993097711209974e-06,5.844720478206653e-12,68.24,111.1,FAIL,1
nsga2_20260905_212114,20260905_212114,nsga2,7.354494411244528,16.093647676336808,6.492265413184557,1.8548454758423043e-05,1.0833701433393244e-05,6.588668055360824e-07,9.616901324261543e-05,4.369641118494229e-06,3.5691870590702062e-12,79.06,89.84,FAIL,1
nsga2_20260905_212114,20260905_212114,nsga2,3.412580395267021,10.258465668278804,8.138707123322597,1.587706056456488e-05,7.469866842747526e-05,6.065362393903705e-06,5.227737710399618e-05,7.607634897220491e-06,8.120205533555246e-12,92.28,141.3,PASS,1
nsga2_20260905_212114,20260905_212114,nsga2,7.835951603359595,13.188758200606463,8.238649246568663,1.9260198752204024e-05,1.1000218230206909e-05,6.588668055360824e-07,4.91143648868418e-05,9.884464557838143e-06,4.113321212059282e-12,39.02000000000001,114.7,FAIL,1
nsga2_20260905_212114,20260905_212114,nsga2,7.835951603359595,10.590965885096027,15.39675256466955,1.9260198752204024e-05,5.0529154134394596e-05,6.708935360445944e-06,5.024642051908489e-05,8.95656896117924e-06,3.4384596005835707e-12,65.24,132.3,FAIL,1
nsga2_20260905_213641,20260905_213641,nsga2,10.724610869304877,19.05881023019277,3.739032641673041,4.7447877522721014e-05,3.13895957654454e-05,4.521601265239469e-06,8.282194860389804e-05,4.387391795507032e-06,5.946343189057535e-12,40.14,105.6,FAIL,1
nsga2_20260905_213641,20260905_213641,nsga2,1.523623151618299,15.316749064821325,11.224722951166287,1.668766631000488e-05,7.890634173181191e-05,3.3803508782706268e-06,4.5513739581220955e-05,1.7733961238480651e-06,4.628016878024163e-12,51.72,96.93,FAIL,1
nsga2_20260905_213641,20260905_213641,nsga2,4.865649572846843,5.983953468395141,15.256928779970998,1.4236315271906184e-05,4.867354015083401e-05,9.817003398111766e-06,9.617722220827954e-05,7.385504437348569e-06,5.871041699926908e-12,58.72,110.9,FAIL,1
nsga2_20260905_213641,20260905_213641,nsga2,6.260932876862046,4.05238816672741,19.42858285110652,2.594860870172957e-05,1.18518015633358e-05,6.423152677606254e-06,7.77353064999271e-05,6.323531360003884e-06,9.255679343118123e-12,70.3,104.3,FAIL,1
nsga2_20260905_213641,20260905_213641,nsga2,1.7522646566198543,11.04319600194041,9.727381774822671,3.398774083748817e-06,6.424041846319568e-05,8.600011965566239e-06,5.9416219504997114e-05,2.97092575350362e-06,8.558933689282679e-12,39.06000000000001,92.21,FAIL,1
nsga2_20260905_213641,20260905_213641,nsga2,10.680421748908678,10.706888804864127,15.30757394634138,7.65172517851234e-06,8.20167838961919e-05,6.9912256070309424e-06,7.877356507301365e-05,2.3203544606912846e-06,8.22127745021077e-12,43.22,106.2,FAIL,1
nsga2_20260905_213641,20260905_213641,nsga2,4.635154595086805,2.5494997299067417,17.249312511454335,4.3105789760030114e-05,8.769074851273307e-05,4.983142333908507e-06,2.7622624344787713e-05,5.673723717300796e-07,6.81148806017453e-12,nan,nan,FAIL,1
nsga2_20260905_213641,20260905_213641,nsga2,14.678278286665169,16.875815113505208,6.355678719926301,1.0996342907999787e-05,6.40413385926388e-05,8.148020914877591e-06,9.637798602264358e-05,1.929985889001186e-06,5.339911493794028e-12,67.48,59.29,FAIL,1
nsga2_20260905_213641,20260905_213641,nsga2,17.999601381727295,9.031621231963308,12.200539179596914,1.517186671420151e-06,6.7443950749148e-05,9.231341886521313e-06,8.273448535680508e-05,8.912442533744494e-06,6.94319842468471e-12,44.25,98.12,FAIL,1
nsga2_20260905_213641,20260905_213641,nsga2,5.665493077620374,15.601822979028833,5.0218201095427,4.161435928282372e-05,6.552976880305594e-06,8.34213422723878e-06,1.67013744674679e-05,4.0638964667180974e-06,3.850643499012678e-12,29.37999999999999,93.64,FAIL,1
nsga2_20260905_213641,20260905_213641,nsga2,14.135403670277084,4.392865685313066,8.528867082122742,5.89482376866653e-07,2.647072286118512e-05,4.501293735175075e-06,1.0860347299720249e-05,6.515019487347298e-06,4.423818428978791e-12,45.15,116.2,FAIL,1
nsga2_20260905_213641,20260905_213641,nsga2,14.780584823448539,13.423454210299493,9.193308226770718,4.340582913041729e-05,6.332387121476665e-05,8.19760634500984e-06,3.4376933976829264e-05,5.664858251850328e-06,2.766671966032781e-12,30.89,96.83,FAIL,1
nsga2_20260905_213641,20260905_213641,nsga2,19.92668261225393,5.6210938218202156,5.880481877314952,3.937546597831008e-06,2.6002970963974637e-05,7.749721059168504e-06,6.98799889971032e-05,1.7223955170131097e-06,4.386146512852848e-12,38.88,122.19999999999999,FAIL,1
nsga2_20260905_213641,20260905_213641,nsga2,8.997506497731795,13.634700680877254,9.662650297831227,2.9449960843228907e-05,8.401655497981154e-05,7.401499297967519e-06,3.6691224171803324e-05,4.7597649387726e-06,4.309296127210059e-12,47.88,115.4,FAIL,1
nsga2_20260905_213641,20260905_213641,nsga2,3.084958616127238,4.861589337660535,6.39232328993849,1.5912454611434417e-05,3.151087152434779e-05,5.978647304403044e-06,9.717749056928953e-05,7.859309281775453e-06,8.120205533555246e-12,74.45,102.8,FAIL,1
nsga2_20260905_213641,20260905_213641,nsga2,15.42610151025202,12.342766879951371,18.436152886247342,3.457461872571992e-05,5.018553614446604e-05,1.2322961807551182e-06,4.8998387940426725e-05,2.521894455733176e-06,2.194266677921085e-12,73.25,33.76,FAIL,1
nsga2_20260905_213641,20260905_213641,nsga2,10.615233528058086,15.916620559342222,6.60512241330487,3.850795646748557e-05,5.270526345927673e-05,1.9159562220217693e-06,9.650728407477964e-05,4.315544126940916e-06,3.657108300964262e-12,57.32,125.6,FAIL,1
nsga2_20260905_213641,20260905_213641,nsga2,17.092969042040863,3.3647463177941166,14.938218760400364,9.634889705503775e-06,3.943143006845447e-05,2.7030488453903147e-06,8.417043087143097e-05,4.2057082434286865e-06,9.772235315940603e-12,63.14,57.74,FAIL,1
nsga2_20260905_213641,20260905_213641,nsga2,12.879968203887028,14.17883385935539,10.908977320515934,1.5655719494056878e-05,3.9736975178927146e-05,9.438874782788066e-06,2.0359959112249046e-05,9.888079561592016e-06,7.824752758034365e-12,33.64,95.4,FAIL,1
nsga2_20260905_213641,20260905_213641,nsga2,7.835951603359595,13.188758200606463,8.238649246568663,1.9260198752204024e-05,5.0529154134394596e-05,6.588668055360824e-07,4.95090845263566e-05,9.730184927745436e-06,3.5691870590702062e-12,42.29999999999999,127.9,FAIL,1
nsga2_20260905_213641,20260905_213641,nsga2,19.73982819312899,5.642768597081111,14.63936267868022,4.207311883480497e-06,4.867354015083401e-05,9.734783638914368e-06,9.617722220827954e-05,7.385504437348569e-06,5.871041699926908e-12,49.8,119.7,FAIL,1
nsga2_20260905_213641,20260905_213641,nsga2,1.523623151618299,15.316749064821325,11.224722951166287,3.671047100432444e-05,5.4172777881053986e-05,3.3595837355626297e-06,4.877960626088548e-05,1.7733961238480651e-06,2.1690231006525814e-12,57.02,95.14,FAIL,1
nsga2_20260905_213641,20260905_213641,nsga2,3.412580395267021,4.687486205844042,8.138707123322597,1.5912454611434417e-05,3.151087152434779e-05,5.978647304403044e-06,5.040008100824797e-05,7.849570164521828e-06,8.120205533555246e-12,89.31,140.7,PASS,1
nsga2_20260905_213641,20260905_213641,nsga2,5.5150967314974695,15.910575171501673,6.577485190697838,4.171938234336832e-05,5.602368912089524e-06,8.077997838458837e-06,9.78108178384938e-05,4.0638964667180974e-06,3.857440905546606e-12,74.3,94.08,FAIL,1
nsga2_20260905_213641,20260905_213641,nsga2,10.680421748908678,10.706888804864127,15.30757394634138,2.540192688080842e-06,8.20167838961919e-05,6.9912256070309424e-06,7.877356507301365e-05,2.3203544606912846e-06,8.22127745021077e-12,32.940000000000005,96.13,FAIL,1
nsga2_20260905_213641,20260905_213641,nsga2,19.679239424846678,4.05238816672741,19.399815924886823,2.53775401004893e-05,1.18518015633358e-05,6.423152677606254e-06,6.967485748907519e-05,1.8054177096212956e-06,4.1055729240508316e-12,43.16,143.4,FAIL,1
nsga2_20260905_213641,20260905_213641,nsga2,14.690708851816016,11.04319600194041,9.727381774822671,3.5153411136402815e-06,6.786343153359012e-05,8.600011965566239e-06,5.9416219504997114e-05,2.97092575350362e-06,8.558933689282679e-12,44.56,108.5,FAIL,1
nsga2_20260905_213641,20260905_213641,nsga2,5.5335455037086385,17.55178119233112,5.076428860931769,4.161435928282372e-05,4.102605487475081e-06,8.34213422723878e-06,4.577045991751266e-05,4.0638964667180974e-06,4.6279419272591826e-12,72.99,99.89,FAIL,1
nsga2_20260905_213641,20260905_213641,nsga2,3.21872217580597,6.023786023038136,15.256928779970998,1.4236315271906184e-05,3.264576626758931e-05,9.892923825188185e-06,9.617722220827954e-05,7.385504437348569e-06,8.191400894016814e-12,53.06,98.26,FAIL,1
nsga2_20260905_213641,20260905_213641,nsga2,10.680421748908678,12.354441132566551,8.149470330278723,7.65172517851234e-06,8.030567072479151e-05,9.232057474703884e-07,4.9621554186133214e-05,2.3203544606912846e-06,8.22127745021077e-12,70.71,32.26,FAIL,1
nsga2_20260905_213641,20260905_213641,nsga2,3.2572929740569934,5.9622786931342455,6.498047613307695,1.3966579494800636e-05,2.6002970963974637e-05,7.82970625058619e-06,6.98799889971032e-05,1.7223955170131097e-06,4.386146512852848e-12,47.03,107.4,FAIL,1
nsga2_20260905_213641,20260905_213641,nsga2,15.42610151025202,12.342766879951371,18.436152886247342,1.4551812982699233e-05,7.49190998251103e-05,1.2530713573804754e-06,4.57325212607622e-05,2.521894455733176e-06,4.6532616778784484e-12,77.91,34.88,FAIL,1
nsga2_20260905_213641,20260905_213641,nsga2,7.508332504386258,12.702029400277496,6.492265413184557,1.9260198752204024e-05,5.0529154134394596e-05,6.588668055360824e-07,9.616192653727634e-05,9.739231677199461e-06,3.5691870590702062e-12,52.92,122.5,FAIL,1
nsga2_20260905_213641,20260905_213641,nsga2,10.765629888911283,15.607868366869383,5.368759531498382,3.840293340694095e-05,5.370273061377656e-05,2.180241893549298e-06,1.4286435079070283e-05,4.315544126940916e-06,3.6503108944303346e-12,23.179999999999993,97.22,FAIL,1
nsga2_20260905_213641,20260905_213641,nsga2,14.780584823448539,13.423454210299493,9.193308226770718,4.340582913041729e-05,6.188619569798426e-05,8.19760634500984e-06,3.4376933976829264e-05,5.664858251850328e-06,2.766671966032781e-12,30.840000000000003,96.81,FAIL,1
nsga2_20260905_213641,20260905_213641,nsga2,6.279225337127618,5.6210938218202156,5.844073276985907,4.5120039171849936e-06,2.6002970963974637e-05,7.809694688280165e-06,8.546269415238517e-05,6.804144834670202e-06,9.882415585186319e-12,54.52,114.1,FAIL,1
nsga2_20260905_213641,20260905_213641,nsga2,1.776427667108381,16.875815113505208,6.355678719926301,1.0879784122446354e-05,6.40413385926388e-05,8.148020914877591e-06,9.637798602264358e-05,1.929985889001186e-06,5.339911493794028e-12,46.07,92.56,FAIL,1
nsga2_20260905_213641,20260905_213641,nsga2,1.6572259322757115,15.31701641582168,11.170114358539086,1.668766631000488e-05,7.890634173181191e-05,3.3803508782706268e-06,1.6444658090804768e-05,1.7733961238480651e-06,3.850718449777658e-12,60.73,106.6,FAIL,1
nsga2_20260905_213641,20260905_213641,nsga2,4.731886013265868,4.821756783017539,6.39232328993849,1.5912454611434417e-05,4.753864540759759e-05,5.846584995511093e-06,9.717749056928953e-05,7.859309281775453e-06,5.799846315376515e-12,89.52,153.1,PASS,1
nsga2_20260905_213641,20260905_213641,nsga2,7.835951603359595,10.551848383952235,15.39675256466955,1.9260198752204024e-05,5.0529154134394596e-05,6.774303583674978e-06,7.86610951451767e-05,9.730184927745436e-06,3.5691870590702062e-12,85.62,153.5,PASS,1
nsga2_20260905_213641,20260905_213641,nsga2,10.088970037283824,15.674575876053916,8.683011981138202,1.9260198752204024e-05,5.0529154134394596e-05,6.588668055360824e-07,5.014165245034559e-05,9.919700842833232e-06,3.5691870590702062e-12,39.45,122.8,FAIL,1
nsga2_20260905_213641,20260905_213641,nsga2,7.508332504386258,12.702029400277496,6.532007366041951,1.9260198752204024e-05,5.015988549301057e-05,5.834398555850681e-07,4.652416991935126e-05,9.739231677199461e-06,3.5691870590702062e-12,34.54,119.5,FAIL,1
nsga2_20260905_213641,20260905_213641,nsga2,7.818439889985993,5.765401783799644,5.844073276985907,2.051514822968957e-05,2.526531014036947e-05,6.776825204841014e-06,8.546269415238517e-05,9.670053390327445e-06,2.99205003628354e-12,52.92,108.4,FAIL,1
nsga2_20260905_213641,20260905_213641,nsga2,15.42610151025202,4.742382745433934,18.436152886247342,1.4587581911222533e-05,3.17313002631243e-05,1.1686803416681596e-06,4.561600563300741e-05,2.7638328893445077e-06,4.6532616778784484e-12,74.86,42.71,FAIL,1
nsga2_20260905_213641,20260905_213641,nsga2,10.615233528058086,16.74350147990279,6.60512241330487,3.850795646748557e-05,5.277554216267949e-05,1.9159562220217693e-06,9.650728407477964e-05,7.700294114450435e-06,5.877783519050272e-12,46.71,121.2,FAIL,1
nsga2_20260905_213641,20260905_213641,nsga2,3.0689023152267607,4.687486205844042,8.138707123322597,1.5912454611434417e-05,3.151087152434779e-05,5.978647304403044e-06,5.040008100824797e-05,7.849568479281519e-06,7.928813064613456e-12,89.31,140.3,PASS,1
nsga2_20260905_213641,20260905_213641,nsga2,7.835951603359595,5.137241004244087,15.39675256466955,1.9260198752204024e-05,5.0529154134394596e-05,6.774303583674978e-06,9.835985544260912e-05,9.730184927745436e-06,3.5691870590702062e-12,86.52,78.39,PASS,1
nsga2_20260905_213641,20260905_213641,nsga2,4.755429714237083,17.55178119233112,5.088237797132236,4.161435928282372e-05,4.102605487475081e-06,8.34213422723878e-06,4.576798585699902e-05,4.120447909821843e-06,4.6279419272591826e-12,74.12,99.7,FAIL,1
nsga2_20260905_213641,20260905_213641,nsga2,5.473101852851627,16.224016891815523,6.577485190697838,4.171938234336832e-05,4.531612591513795e-05,8.077997838458837e-06,9.990522906555452e-05,4.0638964667180974e-06,3.857440905546606e-12,84.95,127.7,FAIL,1
nsga2_20260905_213641,20260905_213641,nsga2,5.5150967314974695,13.424757496046192,6.758831094699156,4.171938234336832e-05,5.602368912089524e-06,8.077997838458837e-06,9.698321201903288e-05,3.690061521277663e-06,3.857440905546606e-12,72.78,98.25,FAIL,1
nsga2_20260905_213641,20260905_213641,nsga2,5.5335455037086385,17.55178119233112,5.0366869080743815,4.161435928282372e-05,4.5362395457816095e-06,8.654087307900969e-06,9.532721049775084e-05,3.947487759278872e-06,4.6279419272591826e-12,73.54,92.58,FAIL,1
nsga2_20260905_213641,20260905_213641,nsga2,6.29673705050122,10.407540425312337,15.39675256466955,3.261671251151942e-06,5.1266814981328436e-05,7.807173067114078e-06,7.86610951451767e-05,6.861300855333007e-06,9.99600013751905e-12,44.03,94.14,FAIL,1
nsga2_20260905_213641,20260905_213641,nsga2,3.412580395267021,12.287872755466406,8.138707123322597,1.5876685682911117e-05,7.469866842747526e-05,6.065362393903705e-06,5.227737710399618e-05,7.607634897220491e-06,8.120205533555246e-12,92.03,136.3,PASS,1
nsga2_20260905_213641,20260905_213641,nsga2,4.731886013265868,3.995158761342487,6.39232328993849,1.5912454611434417e-05,4.746836670419483e-05,5.846584995511093e-06,9.717749056928953e-05,4.531496996774003e-06,3.5791710976886395e-12,70.43,67.47,FAIL,1
nsga2_20260905_213641,20260905_213641,nsga2,19.679239424846678,4.05238816672741,19.399815924886823,2.53775401004893e-05,1.18518015633358e-05,7.197395712539051e-06,6.967485748907519e-05,1.8054177096212956e-06,4.1055729240508316e-12,41.96,132.4,FAIL,1
nsga2_20260905_213641,20260905_213641,nsga2,3.4286366961674988,4.861589337660535,6.39232328993849,1.5912454611434417e-05,3.151087152434779e-05,5.978647304403044e-06,9.717749056928953e-05,7.85931096701576e-06,8.120205533555246e-12,74.44,102.9,FAIL,1
nsga2_20260905_213641,20260905_213641,nsga2,4.731886013265868,10.236364265503626,6.39232328993849,1.5912454611434417e-05,4.753864540759759e-05,5.6923631615738805e-06,7.741670952959294e-05,7.859309281775453e-06,5.799846315376515e-12,87.39,143.0,PASS,1
nsga2_20260905_213641,20260905_213641,nsga2,16.204224291648263,12.342766879951371,18.41718966748155,1.4122742205174683e-05,7.49190998251103e-05,1.2530713573804754e-06,4.5734995321275844e-05,2.4653430127826217e-06,4.6532616778784484e-12,76.89,33.92,FAIL,1
nsga2_20260905_213641,20260905_213641,nsga2,7.550327383032223,12.388587676770488,6.492265413184557,1.8548454758423043e-05,1.0833701433393244e-05,6.588668055360824e-07,9.616901324261543e-05,9.739231677199461e-06,3.5691870590702062e-12,51.31,137.9,FAIL,1
nsga2_20260905_213641,20260905_213641,nsga2,3.084958616127238,4.861589337660535,6.39232328993849,1.926991403670861e-05,5.0357458105886754e-05,5.978647304403044e-06,9.717749056928953e-05,9.770090122648268e-06,8.120205533555246e-12,91.07,139.5,PASS,1
nsga2_20260905_213641,20260905_213641,nsga2,10.017342830646378,15.916620559342222,6.60512241330487,3.850795646748557e-05,5.270526345927673e-05,1.9159562220217693e-06,9.650728407477964e-05,4.315544126940916e-06,2.7121754295192424e-12,61.86,115.7,FAIL,1
nsga2_20260905_213641,20260905_213641,nsga2,3.412580395267021,10.250138542866932,15.424291168599648,1.5912454611434417e-05,3.151087152434779e-05,5.9900977736091386e-06,5.040008100824797e-05,7.849570164521828e-06,3.492129014750696e-12,67.93,95.52,FAIL,1
nsga2_20260905_213641,20260905_213641,nsga2,7.8269399340469885,12.287872755466406,8.138707123322597,1.599120679511716e-05,7.469866842747526e-05,6.065362393903705e-06,5.227737710399618e-05,7.607634897220491e-06,3.3652362005390553e-12,56.8,123.1,FAIL,1
nsga2_20260905_213641,20260905_213641,nsga2,7.536263151944196,12.388587676770488,6.492265413184557,1.8548454758423043e-05,1.4192121787794385e-05,7.85949282712634e-07,9.601304164315219e-05,9.739231677199461e-06,5.612216187022125e-12,52.88,140.1,FAIL,1
nsga2_20260905_213641,20260905_213641,nsga2,3.0689023152267607,4.687486205844042,4.828305004173451,1.5912454611434417e-05,4.478854601591977e-05,8.044271071995443e-06,5.040008100824797e-05,7.803665300043553e-06,7.911916589106233e-12,87.33,142.2,PASS,1
nsga2_20260905_213641,20260905_213641,nsga2,19.308747101307194,4.8571188998066095,6.39232328993849,1.6042035067172747e-05,1.193973361964018e-05,5.846584995511093e-06,6.365273129712074e-05,1.6725244420748443e-06,4.060698761222625e-12,68.13,138.0,FAIL,1
nsga2_20260905_213641,20260905_213641,nsga2,5.668934824639388,12.51895689071709,6.577485190697838,3.197251556830953e-05,4.948781408462916e-05,8.077997838458837e-06,9.998293217732468e-05,9.449677307799985e-06,3.857440905546606e-12,62.24,110.9,FAIL,1
nsga2_20260905_213641,20260905_213641,nsga2,3.1087228724002443,12.26577135269123,6.39232328993849,1.5912079729780655e-05,4.9339197593837596e-05,5.6923631615738805e-06,7.741670952959294e-05,7.859309281775453e-06,5.799846315376515e-12,88.9,118.2,PASS,1
nsga2_20260905_213641,20260905_213641,nsga2,19.679239424846678,4.05238816672741,19.399815924886823,2.53775401004893e-05,5.138178686677495e-05,7.197395712539051e-06,7.006957712839093e-05,1.4407095922346363e-06,3.561438771061755e-12,60.83,32.22,FAIL,1
nsga2_20260905_213641,20260905_213641,nsga2,3.412580395267021,4.648369004944966,8.138707123322597,1.5912454611434417e-05,3.151087152434779e-05,5.978647304403044e-06,7.314451723628081e-05,7.849570164521828e-06,8.120205533555246e-12,78.49,94.74,FAIL,1
nsga2_20260905_213641,20260905_213641,nsga2,15.42610151025202,4.742382745433934,18.56931514537041,1.4587581911222533e-05,3.17313002631243e-05,1.1686803416681596e-06,4.561600563300741e-05,2.7638328893445077e-06,4.6532616778784484e-12,72.47,41.63,FAIL,1
nsga2_20260905_213641,20260905_213641,nsga2,7.835951603359595,4.989196227454797,8.367090684824161,1.9260198752204024e-05,5.0529154134394596e-05,6.762853114468884e-06,7.86610951451767e-05,9.767225556361843e-06,8.288614769248675e-12,60.57,143.6,FAIL,1
nsga2_20260905_213641,20260905_213641,nsga2,6.673784206752416,5.137241004244087,15.39675256466955,1.9145677639997982e-05,5.0529154134394596e-05,6.774303583674978e-06,9.835985544260912e-05,9.730184927745436e-06,8.32412443896041e-12,87.57,89.48,PASS,1
nsga2_20260905_213641,20260905_213641,nsga2,4.745950244398177,10.236364265503626,6.624205743673998,1.5912454611434417e-05,3.908445605553438e-05,5.596545025131583e-06,7.75714801802457e-05,7.859309281775453e-06,3.756817187568272e-12,89.07,133.7,PASS,1
nsga2_20260905_213641,20260905_213641,nsga2,5.473101852851627,16.224016891815523,6.577485190697838,4.5966453823500894e-05,2.9628206648838556e-05,6.0123740690018915e-06,9.990522906555452e-05,4.10979934131442e-06,3.8743365940717204e-12,84.89,133.3,FAIL,1
nsga2_20260905_213641,20260905_213641,nsga2,4.970679122017526,4.05238816672741,19.399815924886823,2.5247959644761507e-05,4.745090190868358e-05,6.423152677606254e-06,9.685750642465698e-05,7.993097711209974e-06,5.844720478206653e-12,68.24,111.1,FAIL,1
nsga2_20260905_213641,20260905_213641,nsga2,7.354494411244528,16.093647676336808,6.492265413184557,1.8548454758423043e-05,1.0833701433393244e-05,6.588668055360824e-07,9.616901324261543e-05,4.369641118494229e-06,3.5691870590702062e-12,79.06,89.84,FAIL,1
nsga2_20260905_213641,20260905_213641,nsga2,3.412580395267021,10.258465668278804,8.138707123322597,1.587706056456488e-05,7.469866842747526e-05,6.065362393903705e-06,5.227737710399618e-05,7.607634897220491e-06,8.120205533555246e-12,92.28,141.3,PASS,1
nsga2_20260905_213641,20260905_213641,nsga2,7.835951603359595,13.188758200606463,8.238649246568663,1.9260198752204024e-05,1.1000218230206909e-05,6.588668055360824e-07,4.91143648868418e-05,9.884464557838143e-06,4.113321212059282e-12,39.02000000000001,114.7,FAIL,1
nsga2_20260905_213641,20260905_213641,nsga2,7.835951603359595,10.590965885096027,15.39675256466955,1.9260198752204024e-05,5.0529154134394596e-05,6.708935360445944e-06,5.024642051908489e-05,8.95656896117924e-06,3.4384596005835707e-12,65.24,132.3,FAIL,1
nsga2_20260905_215236,20260905_215236,nsga2,10.724610869304877,19.05881023019277,3.739032641673041,4.7447877522721014e-05,3.13895957654454e-05,4.521601265239469e-06,8.282194860389804e-05,4.387391795507032e-06,5.946343189057535e-12,40.14,105.6,FAIL,1
nsga2_20260905_215236,20260905_215236,nsga2,1.523623151618299,15.316749064821325,11.224722951166287,1.668766631000488e-05,7.890634173181191e-05,3.3803508782706268e-06,4.5513739581220955e-05,1.7733961238480651e-06,4.628016878024163e-12,51.72,96.93,FAIL,1
nsga2_20260905_215236,20260905_215236,nsga2,4.865649572846843,5.983953468395141,15.256928779970998,1.4236315271906184e-05,4.867354015083401e-05,9.817003398111766e-06,9.617722220827954e-05,7.385504437348569e-06,5.871041699926908e-12,58.72,110.9,FAIL,1
nsga2_20260905_215236,20260905_215236,nsga2,6.260932876862046,4.05238816672741,19.42858285110652,2.594860870172957e-05,1.18518015633358e-05,6.423152677606254e-06,7.77353064999271e-05,6.323531360003884e-06,9.255679343118123e-12,70.3,104.3,FAIL,1
nsga2_20260905_215236,20260905_215236,nsga2,1.7522646566198543,11.04319600194041,9.727381774822671,3.398774083748817e-06,6.424041846319568e-05,8.600011965566239e-06,5.9416219504997114e-05,2.97092575350362e-06,8.558933689282679e-12,39.06000000000001,92.21,FAIL,1
nsga2_20260905_215236,20260905_215236,nsga2,10.680421748908678,10.706888804864127,15.30757394634138,7.65172517851234e-06,8.20167838961919e-05,6.9912256070309424e-06,7.877356507301365e-05,2.3203544606912846e-06,8.22127745021077e-12,43.22,106.2,FAIL,1
nsga2_20260905_215236,20260905_215236,nsga2,4.635154595086805,2.5494997299067417,17.249312511454335,4.3105789760030114e-05,8.769074851273307e-05,4.983142333908507e-06,2.7622624344787713e-05,5.673723717300796e-07,6.81148806017453e-12,nan,nan,FAIL,1
nsga2_20260905_215236,20260905_215236,nsga2,14.678278286665169,16.875815113505208,6.355678719926301,1.0996342907999787e-05,6.40413385926388e-05,8.148020914877591e-06,9.637798602264358e-05,1.929985889001186e-06,5.339911493794028e-12,67.48,59.29,FAIL,1
nsga2_20260905_215236,20260905_215236,nsga2,17.999601381727295,9.031621231963308,12.200539179596914,1.517186671420151e-06,6.7443950749148e-05,9.231341886521313e-06,8.273448535680508e-05,8.912442533744494e-06,6.94319842468471e-12,44.25,98.12,FAIL,1
nsga2_20260905_215236,20260905_215236,nsga2,5.665493077620374,15.601822979028833,5.0218201095427,4.161435928282372e-05,6.552976880305594e-06,8.34213422723878e-06,1.67013744674679e-05,4.0638964667180974e-06,3.850643499012678e-12,29.37999999999999,93.64,FAIL,1
nsga2_20260905_215236,20260905_215236,nsga2,14.135403670277084,4.392865685313066,8.528867082122742,5.89482376866653e-07,2.647072286118512e-05,4.501293735175075e-06,1.0860347299720249e-05,6.515019487347298e-06,4.423818428978791e-12,45.15,116.2,FAIL,1
nsga2_20260905_215236,20260905_215236,nsga2,14.780584823448539,13.423454210299493,9.193308226770718,4.340582913041729e-05,6.332387121476665e-05,8.19760634500984e-06,3.4376933976829264e-05,5.664858251850328e-06,2.766671966032781e-12,30.89,96.83,FAIL,1
nsga2_20260905_215236,20260905_215236,nsga2,19.92668261225393,5.6210938218202156,5.880481877314952,3.937546597831008e-06,2.6002970963974637e-05,7.749721059168504e-06,6.98799889971032e-05,1.7223955170131097e-06,4.386146512852848e-12,38.88,122.19999999999999,FAIL,1
nsga2_20260905_215236,20260905_215236,nsga2,8.997506497731795,13.634700680877254,9.662650297831227,2.9449960843228907e-05,8.401655497981154e-05,7.401499297967519e-06,3.6691224171803324e-05,4.7597649387726e-06,4.309296127210059e-12,47.88,115.4,FAIL,1
nsga2_20260905_215236,20260905_215236,nsga2,3.084958616127238,4.861589337660535,6.39232328993849,1.5912454611434417e-05,3.151087152434779e-05,5.978647304403044e-06,9.717749056928953e-05,7.859309281775453e-06,8.120205533555246e-12,74.45,102.8,FAIL,1
nsga2_20260905_215236,20260905_215236,nsga2,15.42610151025202,12.342766879951371,18.436152886247342,3.457461872571992e-05,5.018553614446604e-05,1.2322961807551182e-06,4.8998387940426725e-05,2.521894455733176e-06,2.194266677921085e-12,73.25,33.76,FAIL,1
nsga2_20260905_215236,20260905_215236,nsga2,10.615233528058086,15.916620559342222,6.60512241330487,3.850795646748557e-05,5.270526345927673e-05,1.9159562220217693e-06,9.650728407477964e-05,4.315544126940916e-06,3.657108300964262e-12,57.32,125.6,FAIL,1
nsga2_20260905_215236,20260905_215236,nsga2,17.092969042040863,3.3647463177941166,14.938218760400364,9.634889705503775e-06,3.943143006845447e-05,2.7030488453903147e-06,8.417043087143097e-05,4.2057082434286865e-06,9.772235315940603e-12,63.14,57.74,FAIL,1
nsga2_20260905_215236,20260905_215236,nsga2,12.879968203887028,14.17883385935539,10.908977320515934,1.5655719494056878e-05,3.9736975178927146e-05,9.438874782788066e-06,2.0359959112249046e-05,9.888079561592016e-06,7.824752758034365e-12,33.64,95.4,FAIL,1
nsga2_20260905_215236,20260905_215236,nsga2,7.835951603359595,13.188758200606463,8.238649246568663,1.9260198752204024e-05,5.0529154134394596e-05,6.588668055360824e-07,4.95090845263566e-05,9.730184927745436e-06,3.5691870590702062e-12,42.29999999999999,127.9,FAIL,1
nsga2_20260905_215236,20260905_215236,nsga2,19.73982819312899,5.642768597081111,14.63936267868022,4.207311883480497e-06,4.867354015083401e-05,9.734783638914368e-06,9.617722220827954e-05,7.385504437348569e-06,5.871041699926908e-12,49.8,119.7,FAIL,1
nsga2_20260905_215236,20260905_215236,nsga2,1.523623151618299,15.316749064821325,11.224722951166287,3.671047100432444e-05,5.4172777881053986e-05,3.3595837355626297e-06,4.877960626088548e-05,1.7733961238480651e-06,2.1690231006525814e-12,57.02,95.14,FAIL,1
nsga2_20260905_215236,20260905_215236,nsga2,3.412580395267021,4.687486205844042,8.138707123322597,1.5912454611434417e-05,3.151087152434779e-05,5.978647304403044e-06,5.040008100824797e-05,7.849570164521828e-06,8.120205533555246e-12,89.31,140.7,PASS,1
nsga2_20260905_215236,20260905_215236,nsga2,5.5150967314974695,15.910575171501673,6.577485190697838,4.171938234336832e-05,5.602368912089524e-06,8.077997838458837e-06,9.78108178384938e-05,4.0638964667180974e-06,3.857440905546606e-12,74.3,94.08,FAIL,1
nsga2_20260905_215236,20260905_215236,nsga2,10.680421748908678,10.706888804864127,15.30757394634138,2.540192688080842e-06,8.20167838961919e-05,6.9912256070309424e-06,7.877356507301365e-05,2.3203544606912846e-06,8.22127745021077e-12,32.940000000000005,96.13,FAIL,1
nsga2_20260905_215236,20260905_215236,nsga2,19.679239424846678,4.05238816672741,19.399815924886823,2.53775401004893e-05,1.18518015633358e-05,6.423152677606254e-06,6.967485748907519e-05,1.8054177096212956e-06,4.1055729240508316e-12,43.16,143.4,FAIL,1
nsga2_20260905_215236,20260905_215236,nsga2,14.690708851816016,11.04319600194041,9.727381774822671,3.5153411136402815e-06,6.786343153359012e-05,8.600011965566239e-06,5.9416219504997114e-05,2.97092575350362e-06,8.558933689282679e-12,44.56,108.5,FAIL,1
nsga2_20260905_215236,20260905_215236,nsga2,5.5335455037086385,17.55178119233112,5.076428860931769,4.161435928282372e-05,4.102605487475081e-06,8.34213422723878e-06,4.577045991751266e-05,4.0638964667180974e-06,4.6279419272591826e-12,72.99,99.89,FAIL,1
nsga2_20260905_215236,20260905_215236,nsga2,3.21872217580597,6.023786023038136,15.256928779970998,1.4236315271906184e-05,3.264576626758931e-05,9.892923825188185e-06,9.617722220827954e-05,7.385504437348569e-06,8.191400894016814e-12,53.06,98.26,FAIL,1
nsga2_20260905_215236,20260905_215236,nsga2,10.680421748908678,12.354441132566551,8.149470330278723,7.65172517851234e-06,8.030567072479151e-05,9.232057474703884e-07,4.9621554186133214e-05,2.3203544606912846e-06,8.22127745021077e-12,70.71,32.26,FAIL,1
nsga2_20260905_215236,20260905_215236,nsga2,3.2572929740569934,5.9622786931342455,6.498047613307695,1.3966579494800636e-05,2.6002970963974637e-05,7.82970625058619e-06,6.98799889971032e-05,1.7223955170131097e-06,4.386146512852848e-12,47.03,107.4,FAIL,1
nsga2_20260905_215236,20260905_215236,nsga2,15.42610151025202,12.342766879951371,18.436152886247342,1.4551812982699233e-05,7.49190998251103e-05,1.2530713573804754e-06,4.57325212607622e-05,2.521894455733176e-06,4.6532616778784484e-12,77.91,34.88,FAIL,1
nsga2_20260905_215236,20260905_215236,nsga2,7.508332504386258,12.702029400277496,6.492265413184557,1.9260198752204024e-05,5.0529154134394596e-05,6.588668055360824e-07,9.616192653727634e-05,9.739231677199461e-06,3.5691870590702062e-12,52.92,122.5,FAIL,1
nsga2_20260905_215236,20260905_215236,nsga2,10.765629888911283,15.607868366869383,5.368759531498382,3.840293340694095e-05,5.370273061377656e-05,2.180241893549298e-06,1.4286435079070283e-05,4.315544126940916e-06,3.6503108944303346e-12,23.179999999999993,97.22,FAIL,1
nsga2_20260905_215236,20260905_215236,nsga2,14.780584823448539,13.423454210299493,9.193308226770718,4.340582913041729e-05,6.188619569798426e-05,8.19760634500984e-06,3.4376933976829264e-05,5.664858251850328e-06,2.766671966032781e-12,30.840000000000003,96.81,FAIL,1
nsga2_20260905_215236,20260905_215236,nsga2,6.279225337127618,5.6210938218202156,5.844073276985907,4.5120039171849936e-06,2.6002970963974637e-05,7.809694688280165e-06,8.546269415238517e-05,6.804144834670202e-06,9.882415585186319e-12,54.52,114.1,FAIL,1
nsga2_20260905_215236,20260905_215236,nsga2,1.776427667108381,16.875815113505208,6.355678719926301,1.0879784122446354e-05,6.40413385926388e-05,8.148020914877591e-06,9.637798602264358e-05,1.929985889001186e-06,5.339911493794028e-12,46.07,92.56,FAIL,1
nsga2_20260905_215236,20260905_215236,nsga2,1.6572259322757115,15.31701641582168,11.170114358539086,1.668766631000488e-05,7.890634173181191e-05,3.3803508782706268e-06,1.6444658090804768e-05,1.7733961238480651e-06,3.850718449777658e-12,60.73,106.6,FAIL,1
nsga2_20260905_215236,20260905_215236,nsga2,4.731886013265868,4.821756783017539,6.39232328993849,1.5912454611434417e-05,4.753864540759759e-05,5.846584995511093e-06,9.717749056928953e-05,7.859309281775453e-06,5.799846315376515e-12,89.52,153.1,PASS,1
nsga2_20260905_215236,20260905_215236,nsga2,7.835951603359595,10.551848383952235,15.39675256466955,1.9260198752204024e-05,5.0529154134394596e-05,6.774303583674978e-06,7.86610951451767e-05,9.730184927745436e-06,3.5691870590702062e-12,85.62,153.5,PASS,1
nsga2_20260905_215236,20260905_215236,nsga2,10.088970037283824,15.674575876053916,8.683011981138202,1.9260198752204024e-05,5.0529154134394596e-05,6.588668055360824e-07,5.014165245034559e-05,9.919700842833232e-06,3.5691870590702062e-12,39.45,122.8,FAIL,1
nsga2_20260905_215236,20260905_215236,nsga2,7.508332504386258,12.702029400277496,6.532007366041951,1.9260198752204024e-05,5.015988549301057e-05,5.834398555850681e-07,4.652416991935126e-05,9.739231677199461e-06,3.5691870590702062e-12,34.54,119.5,FAIL,1
nsga2_20260905_215236,20260905_215236,nsga2,7.818439889985993,5.765401783799644,5.844073276985907,2.051514822968957e-05,2.526531014036947e-05,6.776825204841014e-06,8.546269415238517e-05,9.670053390327445e-06,2.99205003628354e-12,52.92,108.4,FAIL,1
nsga2_20260905_215236,20260905_215236,nsga2,15.42610151025202,4.742382745433934,18.436152886247342,1.4587581911222533e-05,3.17313002631243e-05,1.1686803416681596e-06,4.561600563300741e-05,2.7638328893445077e-06,4.6532616778784484e-12,74.86,42.71,FAIL,1
nsga2_20260905_215236,20260905_215236,nsga2,10.615233528058086,16.74350147990279,6.60512241330487,3.850795646748557e-05,5.277554216267949e-05,1.9159562220217693e-06,9.650728407477964e-05,7.700294114450435e-06,5.877783519050272e-12,46.71,121.2,FAIL,1
nsga2_20260905_215236,20260905_215236,nsga2,3.0689023152267607,4.687486205844042,8.138707123322597,1.5912454611434417e-05,3.151087152434779e-05,5.978647304403044e-06,5.040008100824797e-05,7.849568479281519e-06,7.928813064613456e-12,89.31,140.3,PASS,1
nsga2_20260905_215236,20260905_215236,nsga2,7.835951603359595,5.137241004244087,15.39675256466955,1.9260198752204024e-05,5.0529154134394596e-05,6.774303583674978e-06,9.835985544260912e-05,9.730184927745436e-06,3.5691870590702062e-12,86.52,78.39,PASS,1
nsga2_20260905_215236,20260905_215236,nsga2,4.755429714237083,17.55178119233112,5.088237797132236,4.161435928282372e-05,4.102605487475081e-06,8.34213422723878e-06,4.576798585699902e-05,4.120447909821843e-06,4.6279419272591826e-12,74.12,99.7,FAIL,1
nsga2_20260905_215236,20260905_215236,nsga2,5.473101852851627,16.224016891815523,6.577485190697838,4.171938234336832e-05,4.531612591513795e-05,8.077997838458837e-06,9.990522906555452e-05,4.0638964667180974e-06,3.857440905546606e-12,84.95,127.7,FAIL,1
nsga2_20260905_215236,20260905_215236,nsga2,5.5150967314974695,13.424757496046192,6.758831094699156,4.171938234336832e-05,5.602368912089524e-06,8.077997838458837e-06,9.698321201903288e-05,3.690061521277663e-06,3.857440905546606e-12,72.78,98.25,FAIL,1
nsga2_20260905_215236,20260905_215236,nsga2,5.5335455037086385,17.55178119233112,5.0366869080743815,4.161435928282372e-05,4.5362395457816095e-06,8.654087307900969e-06,9.532721049775084e-05,3.947487759278872e-06,4.6279419272591826e-12,73.54,92.58,FAIL,1
nsga2_20260905_215236,20260905_215236,nsga2,6.29673705050122,10.407540425312337,15.39675256466955,3.261671251151942e-06,5.1266814981328436e-05,7.807173067114078e-06,7.86610951451767e-05,6.861300855333007e-06,9.99600013751905e-12,44.03,94.14,FAIL,1
nsga2_20260905_215236,20260905_215236,nsga2,3.412580395267021,12.287872755466406,8.138707123322597,1.5876685682911117e-05,7.469866842747526e-05,6.065362393903705e-06,5.227737710399618e-05,7.607634897220491e-06,8.120205533555246e-12,92.03,136.3,PASS,1
nsga2_20260905_215236,20260905_215236,nsga2,4.731886013265868,3.995158761342487,6.39232328993849,1.5912454611434417e-05,4.746836670419483e-05,5.846584995511093e-06,9.717749056928953e-05,4.531496996774003e-06,3.5791710976886395e-12,70.43,67.47,FAIL,1
nsga2_20260905_215236,20260905_215236,nsga2,19.679239424846678,4.05238816672741,19.399815924886823,2.53775401004893e-05,1.18518015633358e-05,7.197395712539051e-06,6.967485748907519e-05,1.8054177096212956e-06,4.1055729240508316e-12,41.96,132.4,FAIL,1
nsga2_20260905_215236,20260905_215236,nsga2,3.4286366961674988,4.861589337660535,6.39232328993849,1.5912454611434417e-05,3.151087152434779e-05,5.978647304403044e-06,9.717749056928953e-05,7.85931096701576e-06,8.120205533555246e-12,74.44,102.9,FAIL,1
nsga2_20260905_215236,20260905_215236,nsga2,4.731886013265868,10.236364265503626,6.39232328993849,1.5912454611434417e-05,4.753864540759759e-05,5.6923631615738805e-06,7.741670952959294e-05,7.859309281775453e-06,5.799846315376515e-12,87.39,143.0,PASS,1
nsga2_20260905_215236,20260905_215236,nsga2,16.204224291648263,12.342766879951371,18.41718966748155,1.4122742205174683e-05,7.49190998251103e-05,1.2530713573804754e-06,4.5734995321275844e-05,2.4653430127826217e-06,4.6532616778784484e-12,76.89,33.92,FAIL,1
nsga2_20260905_215236,20260905_215236,nsga2,7.550327383032223,12.388587676770488,6.492265413184557,1.8548454758423043e-05,1.0833701433393244e-05,6.588668055360824e-07,9.616901324261543e-05,9.739231677199461e-06,3.5691870590702062e-12,51.31,137.9,FAIL,1
nsga2_20260905_215236,20260905_215236,nsga2,3.084958616127238,4.861589337660535,6.39232328993849,1.926991403670861e-05,5.0357458105886754e-05,5.978647304403044e-06,9.717749056928953e-05,9.770090122648268e-06,8.120205533555246e-12,91.07,139.5,PASS,1
nsga2_20260905_215236,20260905_215236,nsga2,10.017342830646378,15.916620559342222,6.60512241330487,3.850795646748557e-05,5.270526345927673e-05,1.9159562220217693e-06,9.650728407477964e-05,4.315544126940916e-06,2.7121754295192424e-12,61.86,115.7,FAIL,1
nsga2_20260905_215236,20260905_215236,nsga2,3.412580395267021,10.250138542866932,15.424291168599648,1.5912454611434417e-05,3.151087152434779e-05,5.9900977736091386e-06,5.040008100824797e-05,7.849570164521828e-06,3.492129014750696e-12,67.93,95.52,FAIL,1
nsga2_20260905_215236,20260905_215236,nsga2,7.8269399340469885,12.287872755466406,8.138707123322597,1.599120679511716e-05,7.469866842747526e-05,6.065362393903705e-06,5.227737710399618e-05,7.607634897220491e-06,3.3652362005390553e-12,56.8,123.1,FAIL,1
nsga2_20260905_215236,20260905_215236,nsga2,7.536263151944196,12.388587676770488,6.492265413184557,1.8548454758423043e-05,1.4192121787794385e-05,7.85949282712634e-07,9.601304164315219e-05,9.739231677199461e-06,5.612216187022125e-12,52.88,140.1,FAIL,1
nsga2_20260905_215236,20260905_215236,nsga2,3.0689023152267607,4.687486205844042,4.828305004173451,1.5912454611434417e-05,4.478854601591977e-05,8.044271071995443e-06,5.040008100824797e-05,7.803665300043553e-06,7.911916589106233e-12,87.33,142.2,PASS,1
nsga2_20260905_215236,20260905_215236,nsga2,19.308747101307194,4.8571188998066095,6.39232328993849,1.6042035067172747e-05,1.193973361964018e-05,5.846584995511093e-06,6.365273129712074e-05,1.6725244420748443e-06,4.060698761222625e-12,68.13,138.0,FAIL,1
nsga2_20260905_215236,20260905_215236,nsga2,5.668934824639388,12.51895689071709,6.577485190697838,3.197251556830953e-05,4.948781408462916e-05,8.077997838458837e-06,9.998293217732468e-05,9.449677307799985e-06,3.857440905546606e-12,62.24,110.9,FAIL,1
nsga2_20260905_215236,20260905_215236,nsga2,3.1087228724002443,12.26577135269123,6.39232328993849,1.5912079729780655e-05,4.9339197593837596e-05,5.6923631615738805e-06,7.741670952959294e-05,7.859309281775453e-06,5.799846315376515e-12,88.9,118.2,PASS,1
nsga2_20260905_215236,20260905_215236,nsga2,19.679239424846678,4.05238816672741,19.399815924886823,2.53775401004893e-05,5.138178686677495e-05,7.197395712539051e-06,7.006957712839093e-05,1.4407095922346363e-06,3.561438771061755e-12,60.83,32.22,FAIL,1
nsga2_20260905_215236,20260905_215236,nsga2,3.412580395267021,4.648369004944966,8.138707123322597,1.5912454611434417e-05,3.151087152434779e-05,5.978647304403044e-06,7.314451723628081e-05,7.849570164521828e-06,8.120205533555246e-12,78.49,94.74,FAIL,1
nsga2_20260905_215236,20260905_215236,nsga2,15.42610151025202,4.742382745433934,18.56931514537041,1.4587581911222533e-05,3.17313002631243e-05,1.1686803416681596e-06,4.561600563300741e-05,2.7638328893445077e-06,4.6532616778784484e-12,72.47,41.63,FAIL,1
nsga2_20260905_215236,20260905_215236,nsga2,7.835951603359595,4.989196227454797,8.367090684824161,1.9260198752204024e-05,5.0529154134394596e-05,6.762853114468884e-06,7.86610951451767e-05,9.767225556361843e-06,8.288614769248675e-12,60.57,143.6,FAIL,1
nsga2_20260905_215236,20260905_215236,nsga2,6.673784206752416,5.137241004244087,15.39675256466955,1.9145677639997982e-05,5.0529154134394596e-05,6.774303583674978e-06,9.835985544260912e-05,9.730184927745436e-06,8.32412443896041e-12,87.57,89.48,PASS,1
nsga2_20260905_215236,20260905_215236,nsga2,4.745950244398177,10.236364265503626,6.624205743673998,1.5912454611434417e-05,3.908445605553438e-05,5.596545025131583e-06,7.75714801802457e-05,7.859309281775453e-06,3.756817187568272e-12,89.07,133.7,PASS,1
nsga2_20260905_215236,20260905_215236,nsga2,5.473101852851627,16.224016891815523,6.577485190697838,4.5966453823500894e-05,2.9628206648838556e-05,6.0123740690018915e-06,9.990522906555452e-05,4.10979934131442e-06,3.8743365940717204e-12,84.89,133.3,FAIL,1
nsga2_20260905_215236,20260905_215236,nsga2,4.970679122017526,4.05238816672741,19.399815924886823,2.5247959644761507e-05,4.745090190868358e-05,6.423152677606254e-06,9.685750642465698e-05,7.993097711209974e-06,5.844720478206653e-12,68.24,111.1,FAIL,1
nsga2_20260905_215236,20260905_215236,nsga2,7.354494411244528,16.093647676336808,6.492265413184557,1.8548454758423043e-05,1.0833701433393244e-05,6.588668055360824e-07,9.616901324261543e-05,4.369641118494229e-06,3.5691870590702062e-12,79.06,89.84,FAIL,1
nsga2_20260905_215236,20260905_215236,nsga2,3.412580395267021,10.258465668278804,8.138707123322597,1.587706056456488e-05,7.469866842747526e-05,6.065362393903705e-06,5.227737710399618e-05,7.607634897220491e-06,8.120205533555246e-12,92.28,141.3,PASS,1
nsga2_20260905_215236,20260905_215236,nsga2,7.835951603359595,13.188758200606463,8.238649246568663,1.9260198752204024e-05,1.1000218230206909e-05,6.588668055360824e-07,4.91143648868418e-05,9.884464557838143e-06,4.113321212059282e-12,39.02000000000001,114.7,FAIL,1
nsga2_20260905_215236,20260905_215236,nsga2,7.835951603359595,10.590965885096027,15.39675256466955,1.9260198752204024e-05,5.0529154134394596e-05,6.708935360445944e-06,5.024642051908489e-05,8.95656896117924e-06,3.4384596005835707e-12,65.24,132.3,FAIL,1
nsga2_20260905_221606,20260905_221606,nsga2,10.724610869304877,19.05881023019277,3.739032641673041,4.7447877522721014e-05,3.13895957654454e-05,4.521601265239469e-06,8.282194860389804e-05,4.387391795507032e-06,5.946343189057535e-12,40.14,105.6,FAIL,1
nsga2_20260905_221606,20260905_221606,nsga2,1.523623151618299,15.316749064821325,11.224722951166287,1.668766631000488e-05,7.890634173181191e-05,3.3803508782706268e-06,4.5513739581220955e-05,1.7733961238480651e-06,4.628016878024163e-12,51.72,96.93,FAIL,1
nsga2_20260905_221606,20260905_221606,nsga2,4.865649572846843,5.983953468395141,15.256928779970998,1.4236315271906184e-05,4.867354015083401e-05,9.817003398111766e-06,9.617722220827954e-05,7.385504437348569e-06,5.871041699926908e-12,58.72,110.9,FAIL,1
nsga2_20260905_221606,20260905_221606,nsga2,6.260932876862046,4.05238816672741,19.42858285110652,2.594860870172957e-05,1.18518015633358e-05,6.423152677606254e-06,7.77353064999271e-05,6.323531360003884e-06,9.255679343118123e-12,70.3,104.3,FAIL,1
nsga2_20260905_221606,20260905_221606,nsga2,1.7522646566198543,11.04319600194041,9.727381774822671,3.398774083748817e-06,6.424041846319568e-05,8.600011965566239e-06,5.9416219504997114e-05,2.97092575350362e-06,8.558933689282679e-12,39.06000000000001,92.21,FAIL,1
nsga2_20260905_221606,20260905_221606,nsga2,10.680421748908678,10.706888804864127,15.30757394634138,7.65172517851234e-06,8.20167838961919e-05,6.9912256070309424e-06,7.877356507301365e-05,2.3203544606912846e-06,8.22127745021077e-12,43.22,106.2,FAIL,1
nsga2_20260905_221606,20260905_221606,nsga2,4.635154595086805,2.5494997299067417,17.249312511454335,4.3105789760030114e-05,8.769074851273307e-05,4.983142333908507e-06,2.7622624344787713e-05,5.673723717300796e-07,6.81148806017453e-12,nan,nan,FAIL,1
nsga2_20260905_221606,20260905_221606,nsga2,14.678278286665169,16.875815113505208,6.355678719926301,1.0996342907999787e-05,6.40413385926388e-05,8.148020914877591e-06,9.637798602264358e-05,1.929985889001186e-06,5.339911493794028e-12,67.48,59.29,FAIL,1
nsga2_20260905_221606,20260905_221606,nsga2,17.999601381727295,9.031621231963308,12.200539179596914,1.517186671420151e-06,6.7443950749148e-05,9.231341886521313e-06,8.273448535680508e-05,8.912442533744494e-06,6.94319842468471e-12,44.25,98.12,FAIL,1
nsga2_20260905_221606,20260905_221606,nsga2,5.665493077620374,15.601822979028833,5.0218201095427,4.161435928282372e-05,6.552976880305594e-06,8.34213422723878e-06,1.67013744674679e-05,4.0638964667180974e-06,3.850643499012678e-12,29.37999999999999,93.64,FAIL,1
nsga2_20260905_221606,20260905_221606,nsga2,14.135403670277084,4.392865685313066,8.528867082122742,5.89482376866653e-07,2.647072286118512e-05,4.501293735175075e-06,1.0860347299720249e-05,6.515019487347298e-06,4.423818428978791e-12,45.15,116.2,FAIL,1
nsga2_20260905_221606,20260905_221606,nsga2,14.780584823448539,13.423454210299493,9.193308226770718,4.340582913041729e-05,6.332387121476665e-05,8.19760634500984e-06,3.4376933976829264e-05,5.664858251850328e-06,2.766671966032781e-12,30.89,96.83,FAIL,1
nsga2_20260905_221606,20260905_221606,nsga2,19.92668261225393,5.6210938218202156,5.880481877314952,3.937546597831008e-06,2.6002970963974637e-05,7.749721059168504e-06,6.98799889971032e-05,1.7223955170131097e-06,4.386146512852848e-12,38.88,122.19999999999999,FAIL,1
nsga2_20260905_221606,20260905_221606,nsga2,8.997506497731795,13.634700680877254,9.662650297831227,2.9449960843228907e-05,8.401655497981154e-05,7.401499297967519e-06,3.6691224171803324e-05,4.7597649387726e-06,4.309296127210059e-12,47.88,115.4,FAIL,1
nsga2_20260905_221606,20260905_221606,nsga2,3.084958616127238,4.861589337660535,6.39232328993849,1.5912454611434417e-05,3.151087152434779e-05,5.978647304403044e-06,9.717749056928953e-05,7.859309281775453e-06,8.120205533555246e-12,74.45,102.8,FAIL,1
nsga2_20260905_221606,20260905_221606,nsga2,15.42610151025202,12.342766879951371,18.436152886247342,3.457461872571992e-05,5.018553614446604e-05,1.2322961807551182e-06,4.8998387940426725e-05,2.521894455733176e-06,2.194266677921085e-12,73.25,33.76,FAIL,1
nsga2_20260905_221606,20260905_221606,nsga2,10.615233528058086,15.916620559342222,6.60512241330487,3.850795646748557e-05,5.270526345927673e-05,1.9159562220217693e-06,9.650728407477964e-05,4.315544126940916e-06,3.657108300964262e-12,57.32,125.6,FAIL,1
nsga2_20260905_221606,20260905_221606,nsga2,17.092969042040863,3.3647463177941166,14.938218760400364,9.634889705503775e-06,3.943143006845447e-05,2.7030488453903147e-06,8.417043087143097e-05,4.2057082434286865e-06,9.772235315940603e-12,63.14,57.74,FAIL,1
nsga2_20260905_221606,20260905_221606,nsga2,12.879968203887028,14.17883385935539,10.908977320515934,1.5655719494056878e-05,3.9736975178927146e-05,9.438874782788066e-06,2.0359959112249046e-05,9.888079561592016e-06,7.824752758034365e-12,33.64,95.4,FAIL,1
nsga2_20260905_221606,20260905_221606,nsga2,7.835951603359595,13.188758200606463,8.238649246568663,1.9260198752204024e-05,5.0529154134394596e-05,6.588668055360824e-07,4.95090845263566e-05,9.730184927745436e-06,3.5691870590702062e-12,42.29999999999999,127.9,FAIL,1
nsga2_20260905_221606,20260905_221606,nsga2,19.73982819312899,5.642768597081111,14.63936267868022,4.207311883480497e-06,4.867354015083401e-05,9.734783638914368e-06,9.617722220827954e-05,7.385504437348569e-06,5.871041699926908e-12,49.8,119.7,FAIL,1
nsga2_20260905_221606,20260905_221606,nsga2,1.523623151618299,15.316749064821325,11.224722951166287,3.671047100432444e-05,5.4172777881053986e-05,3.3595837355626297e-06,4.877960626088548e-05,1.7733961238480651e-06,2.1690231006525814e-12,57.02,95.14,FAIL,1
nsga2_20260905_221606,20260905_221606,nsga2,3.412580395267021,4.687486205844042,8.138707123322597,1.5912454611434417e-05,3.151087152434779e-05,5.978647304403044e-06,5.040008100824797e-05,7.849570164521828e-06,8.120205533555246e-12,89.31,140.7,PASS,1
nsga2_20260905_221606,20260905_221606,nsga2,5.5150967314974695,15.910575171501673,6.577485190697838,4.171938234336832e-05,5.602368912089524e-06,8.077997838458837e-06,9.78108178384938e-05,4.0638964667180974e-06,3.857440905546606e-12,74.3,94.08,FAIL,1
nsga2_20260905_221606,20260905_221606,nsga2,10.680421748908678,10.706888804864127,15.30757394634138,2.540192688080842e-06,8.20167838961919e-05,6.9912256070309424e-06,7.877356507301365e-05,2.3203544606912846e-06,8.22127745021077e-12,32.940000000000005,96.13,FAIL,1
nsga2_20260905_221606,20260905_221606,nsga2,19.679239424846678,4.05238816672741,19.399815924886823,2.53775401004893e-05,1.18518015633358e-05,6.423152677606254e-06,6.967485748907519e-05,1.8054177096212956e-06,4.1055729240508316e-12,43.16,143.4,FAIL,1
nsga2_20260905_221606,20260905_221606,nsga2,14.690708851816016,11.04319600194041,9.727381774822671,3.5153411136402815e-06,6.786343153359012e-05,8.600011965566239e-06,5.9416219504997114e-05,2.97092575350362e-06,8.558933689282679e-12,44.56,108.5,FAIL,1
nsga2_20260905_221606,20260905_221606,nsga2,5.5335455037086385,17.55178119233112,5.076428860931769,4.161435928282372e-05,4.102605487475081e-06,8.34213422723878e-06,4.577045991751266e-05,4.0638964667180974e-06,4.6279419272591826e-12,72.99,99.89,FAIL,1
nsga2_20260905_221606,20260905_221606,nsga2,3.21872217580597,6.023786023038136,15.256928779970998,1.4236315271906184e-05,3.264576626758931e-05,9.892923825188185e-06,9.617722220827954e-05,7.385504437348569e-06,8.191400894016814e-12,53.06,98.26,FAIL,1
nsga2_20260905_221606,20260905_221606,nsga2,10.680421748908678,12.354441132566551,8.149470330278723,7.65172517851234e-06,8.030567072479151e-05,9.232057474703884e-07,4.9621554186133214e-05,2.3203544606912846e-06,8.22127745021077e-12,70.71,32.26,FAIL,1
nsga2_20260905_221606,20260905_221606,nsga2,3.2572929740569934,5.9622786931342455,6.498047613307695,1.3966579494800636e-05,2.6002970963974637e-05,7.82970625058619e-06,6.98799889971032e-05,1.7223955170131097e-06,4.386146512852848e-12,47.03,107.4,FAIL,1
nsga2_20260905_221606,20260905_221606,nsga2,15.42610151025202,12.342766879951371,18.436152886247342,1.4551812982699233e-05,7.49190998251103e-05,1.2530713573804754e-06,4.57325212607622e-05,2.521894455733176e-06,4.6532616778784484e-12,77.91,34.88,FAIL,1
nsga2_20260905_221606,20260905_221606,nsga2,7.508332504386258,12.702029400277496,6.492265413184557,1.9260198752204024e-05,5.0529154134394596e-05,6.588668055360824e-07,9.616192653727634e-05,9.739231677199461e-06,3.5691870590702062e-12,52.92,122.5,FAIL,1
nsga2_20260905_221606,20260905_221606,nsga2,10.765629888911283,15.607868366869383,5.368759531498382,3.840293340694095e-05,5.370273061377656e-05,2.180241893549298e-06,1.4286435079070283e-05,4.315544126940916e-06,3.6503108944303346e-12,23.179999999999993,97.22,FAIL,1
nsga2_20260905_221606,20260905_221606,nsga2,14.780584823448539,13.423454210299493,9.193308226770718,4.340582913041729e-05,6.188619569798426e-05,8.19760634500984e-06,3.4376933976829264e-05,5.664858251850328e-06,2.766671966032781e-12,30.840000000000003,96.81,FAIL,1
nsga2_20260905_221606,20260905_221606,nsga2,6.279225337127618,5.6210938218202156,5.844073276985907,4.5120039171849936e-06,2.6002970963974637e-05,7.809694688280165e-06,8.546269415238517e-05,6.804144834670202e-06,9.882415585186319e-12,54.52,114.1,FAIL,1
nsga2_20260905_221606,20260905_221606,nsga2,1.776427667108381,16.875815113505208,6.355678719926301,1.0879784122446354e-05,6.40413385926388e-05,8.148020914877591e-06,9.637798602264358e-05,1.929985889001186e-06,5.339911493794028e-12,46.07,92.56,FAIL,1
nsga2_20260905_221606,20260905_221606,nsga2,1.6572259322757115,15.31701641582168,11.170114358539086,1.668766631000488e-05,7.890634173181191e-05,3.3803508782706268e-06,1.6444658090804768e-05,1.7733961238480651e-06,3.850718449777658e-12,60.73,106.6,FAIL,1
nsga2_20260905_221606,20260905_221606,nsga2,4.731886013265868,4.821756783017539,6.39232328993849,1.5912454611434417e-05,4.753864540759759e-05,5.846584995511093e-06,9.717749056928953e-05,7.859309281775453e-06,5.799846315376515e-12,89.52,153.1,PASS,1
nsga2_20260905_221606,20260905_221606,nsga2,7.835951603359595,10.551848383952235,15.39675256466955,1.9260198752204024e-05,5.0529154134394596e-05,6.774303583674978e-06,7.86610951451767e-05,9.730184927745436e-06,3.5691870590702062e-12,85.62,153.5,PASS,1
nsga2_20260905_221606,20260905_221606,nsga2,10.088970037283824,15.674575876053916,8.683011981138202,1.9260198752204024e-05,5.0529154134394596e-05,6.588668055360824e-07,5.014165245034559e-05,9.919700842833232e-06,3.5691870590702062e-12,39.45,122.8,FAIL,1
nsga2_20260905_221606,20260905_221606,nsga2,7.508332504386258,12.702029400277496,6.532007366041951,1.9260198752204024e-05,5.015988549301057e-05,5.834398555850681e-07,4.652416991935126e-05,9.739231677199461e-06,3.5691870590702062e-12,34.54,119.5,FAIL,1
nsga2_20260905_221606,20260905_221606,nsga2,7.818439889985993,5.765401783799644,5.844073276985907,2.051514822968957e-05,2.526531014036947e-05,6.776825204841014e-06,8.546269415238517e-05,9.670053390327445e-06,2.99205003628354e-12,52.92,108.4,FAIL,1
nsga2_20260905_221606,20260905_221606,nsga2,15.42610151025202,4.742382745433934,18.436152886247342,1.4587581911222533e-05,3.17313002631243e-05,1.1686803416681596e-06,4.561600563300741e-05,2.7638328893445077e-06,4.6532616778784484e-12,74.86,42.71,FAIL,1
nsga2_20260905_221606,20260905_221606,nsga2,10.615233528058086,16.74350147990279,6.60512241330487,3.850795646748557e-05,5.277554216267949e-05,1.9159562220217693e-06,9.650728407477964e-05,7.700294114450435e-06,5.877783519050272e-12,46.71,121.2,FAIL,1
nsga2_20260905_221606,20260905_221606,nsga2,3.0689023152267607,4.687486205844042,8.138707123322597,1.5912454611434417e-05,3.151087152434779e-05,5.978647304403044e-06,5.040008100824797e-05,7.849568479281519e-06,7.928813064613456e-12,89.31,140.3,PASS,1
nsga2_20260905_221606,20260905_221606,nsga2,7.835951603359595,5.137241004244087,15.39675256466955,1.9260198752204024e-05,5.0529154134394596e-05,6.774303583674978e-06,9.835985544260912e-05,9.730184927745436e-06,3.5691870590702062e-12,86.52,78.39,PASS,1
nsga2_20260905_221606,20260905_221606,nsga2,4.755429714237083,17.55178119233112,5.088237797132236,4.161435928282372e-05,4.102605487475081e-06,8.34213422723878e-06,4.576798585699902e-05,4.120447909821843e-06,4.6279419272591826e-12,74.12,99.7,FAIL,1
nsga2_20260905_221606,20260905_221606,nsga2,5.473101852851627,16.224016891815523,6.577485190697838,4.171938234336832e-05,4.531612591513795e-05,8.077997838458837e-06,9.990522906555452e-05,4.0638964667180974e-06,3.857440905546606e-12,84.95,127.7,FAIL,1
nsga2_20260905_221606,20260905_221606,nsga2,5.5150967314974695,13.424757496046192,6.758831094699156,4.171938234336832e-05,5.602368912089524e-06,8.077997838458837e-06,9.698321201903288e-05,3.690061521277663e-06,3.857440905546606e-12,72.78,98.25,FAIL,1
nsga2_20260905_221606,20260905_221606,nsga2,5.5335455037086385,17.55178119233112,5.0366869080743815,4.161435928282372e-05,4.5362395457816095e-06,8.654087307900969e-06,9.532721049775084e-05,3.947487759278872e-06,4.6279419272591826e-12,73.54,92.58,FAIL,1
nsga2_20260905_221606,20260905_221606,nsga2,6.29673705050122,10.407540425312337,15.39675256466955,3.261671251151942e-06,5.1266814981328436e-05,7.807173067114078e-06,7.86610951451767e-05,6.861300855333007e-06,9.99600013751905e-12,44.03,94.14,FAIL,1
nsga2_20260905_221606,20260905_221606,nsga2,3.412580395267021,12.287872755466406,8.138707123322597,1.5876685682911117e-05,7.469866842747526e-05,6.065362393903705e-06,5.227737710399618e-05,7.607634897220491e-06,8.120205533555246e-12,92.03,136.3,PASS,1
nsga2_20260905_221606,20260905_221606,nsga2,4.731886013265868,3.995158761342487,6.39232328993849,1.5912454611434417e-05,4.746836670419483e-05,5.846584995511093e-06,9.717749056928953e-05,4.531496996774003e-06,3.5791710976886395e-12,70.43,67.47,FAIL,1
nsga2_20260905_221606,20260905_221606,nsga2,19.679239424846678,4.05238816672741,19.399815924886823,2.53775401004893e-05,1.18518015633358e-05,7.197395712539051e-06,6.967485748907519e-05,1.8054177096212956e-06,4.1055729240508316e-12,41.96,132.4,FAIL,1
nsga2_20260905_221606,20260905_221606,nsga2,3.4286366961674988,4.861589337660535,6.39232328993849,1.5912454611434417e-05,3.151087152434779e-05,5.978647304403044e-06,9.717749056928953e-05,7.85931096701576e-06,8.120205533555246e-12,74.44,102.9,FAIL,1
nsga2_20260905_221606,20260905_221606,nsga2,4.731886013265868,10.236364265503626,6.39232328993849,1.5912454611434417e-05,4.753864540759759e-05,5.6923631615738805e-06,7.741670952959294e-05,7.859309281775453e-06,5.799846315376515e-12,87.39,143.0,PASS,1
nsga2_20260905_221606,20260905_221606,nsga2,16.204224291648263,12.342766879951371,18.41718966748155,1.4122742205174683e-05,7.49190998251103e-05,1.2530713573804754e-06,4.5734995321275844e-05,2.4653430127826217e-06,4.6532616778784484e-12,76.89,33.92,FAIL,1
nsga2_20260905_221606,20260905_221606,nsga2,7.550327383032223,12.388587676770488,6.492265413184557,1.8548454758423043e-05,1.0833701433393244e-05,6.588668055360824e-07,9.616901324261543e-05,9.739231677199461e-06,3.5691870590702062e-12,51.31,137.9,FAIL,1
nsga2_20260905_221606,20260905_221606,nsga2,3.084958616127238,4.861589337660535,6.39232328993849,1.926991403670861e-05,5.0357458105886754e-05,5.978647304403044e-06,9.717749056928953e-05,9.770090122648268e-06,8.120205533555246e-12,91.07,139.5,PASS,1
nsga2_20260905_221606,20260905_221606,nsga2,10.017342830646378,15.916620559342222,6.60512241330487,3.850795646748557e-05,5.270526345927673e-05,1.9159562220217693e-06,9.650728407477964e-05,4.315544126940916e-06,2.7121754295192424e-12,61.86,115.7,FAIL,1
nsga2_20260905_221606,20260905_221606,nsga2,3.412580395267021,10.250138542866932,15.424291168599648,1.5912454611434417e-05,3.151087152434779e-05,5.9900977736091386e-06,5.040008100824797e-05,7.849570164521828e-06,3.492129014750696e-12,67.93,95.52,FAIL,1
nsga2_20260905_221606,20260905_221606,nsga2,7.8269399340469885,12.287872755466406,8.138707123322597,1.599120679511716e-05,7.469866842747526e-05,6.065362393903705e-06,5.227737710399618e-05,7.607634897220491e-06,3.3652362005390553e-12,56.8,123.1,FAIL,1
nsga2_20260905_221606,20260905_221606,nsga2,7.536263151944196,12.388587676770488,6.492265413184557,1.8548454758423043e-05,1.4192121787794385e-05,7.85949282712634e-07,9.601304164315219e-05,9.739231677199461e-06,5.612216187022125e-12,52.88,140.1,FAIL,1
nsga2_20260905_221606,20260905_221606,nsga2,3.0689023152267607,4.687486205844042,4.828305004173451,1.5912454611434417e-05,4.478854601591977e-05,8.044271071995443e-06,5.040008100824797e-05,7.803665300043553e-06,7.911916589106233e-12,87.33,142.2,PASS,1
nsga2_20260905_221606,20260905_221606,nsga2,19.308747101307194,4.8571188998066095,6.39232328993849,1.6042035067172747e-05,1.193973361964018e-05,5.846584995511093e-06,6.365273129712074e-05,1.6725244420748443e-06,4.060698761222625e-12,68.13,138.0,FAIL,1
nsga2_20260905_221606,20260905_221606,nsga2,5.668934824639388,12.51895689071709,6.577485190697838,3.197251556830953e-05,4.948781408462916e-05,8.077997838458837e-06,9.998293217732468e-05,9.449677307799985e-06,3.857440905546606e-12,62.24,110.9,FAIL,1
nsga2_20260905_221606,20260905_221606,nsga2,3.1087228724002443,12.26577135269123,6.39232328993849,1.5912079729780655e-05,4.9339197593837596e-05,5.6923631615738805e-06,7.741670952959294e-05,7.859309281775453e-06,5.799846315376515e-12,88.9,118.2,PASS,1
nsga2_20260905_221606,20260905_221606,nsga2,19.679239424846678,4.05238816672741,19.399815924886823,2.53775401004893e-05,5.138178686677495e-05,7.197395712539051e-06,7.006957712839093e-05,1.4407095922346363e-06,3.561438771061755e-12,60.83,32.22,FAIL,1
nsga2_20260905_221606,20260905_221606,nsga2,3.412580395267021,4.648369004944966,8.138707123322597,1.5912454611434417e-05,3.151087152434779e-05,5.978647304403044e-06,7.314451723628081e-05,7.849570164521828e-06,8.120205533555246e-12,78.49,94.74,FAIL,1
nsga2_20260905_221606,20260905_221606,nsga2,15.42610151025202,4.742382745433934,18.56931514537041,1.4587581911222533e-05,3.17313002631243e-05,1.1686803416681596e-06,4.561600563300741e-05,2.7638328893445077e-06,4.6532616778784484e-12,72.47,41.63,FAIL,1
nsga2_20260905_221606,20260905_221606,nsga2,7.835951603359595,4.989196227454797,8.367090684824161,1.9260198752204024e-05,5.0529154134394596e-05,6.762853114468884e-06,7.86610951451767e-05,9.767225556361843e-06,8.288614769248675e-12,60.57,143.6,FAIL,1
nsga2_20260905_221606,20260905_221606,nsga2,6.673784206752416,5.137241004244087,15.39675256466955,1.9145677639997982e-05,5.0529154134394596e-05,6.774303583674978e-06,9.835985544260912e-05,9.730184927745436e-06,8.32412443896041e-12,87.57,89.48,PASS,1
nsga2_20260905_221606,20260905_221606,nsga2,4.745950244398177,10.236364265503626,6.624205743673998,1.5912454611434417e-05,3.908445605553438e-05,5.596545025131583e-06,7.75714801802457e-05,7.859309281775453e-06,3.756817187568272e-12,89.07,133.7,PASS,1
nsga2_20260905_221606,20260905_221606,nsga2,5.473101852851627,16.224016891815523,6.577485190697838,4.5966453823500894e-05,2.9628206648838556e-05,6.0123740690018915e-06,9.990522906555452e-05,4.10979934131442e-06,3.8743365940717204e-12,84.89,133.3,FAIL,1
nsga2_20260905_221606,20260905_221606,nsga2,4.970679122017526,4.05238816672741,19.399815924886823,2.5247959644761507e-05,4.745090190868358e-05,6.423152677606254e-06,9.685750642465698e-05,7.993097711209974e-06,5.844720478206653e-12,68.24,111.1,FAIL,1
nsga2_20260905_221606,20260905_221606,nsga2,7.354494411244528,16.093647676336808,6.492265413184557,1.8548454758423043e-05,1.0833701433393244e-05,6.588668055360824e-07,9.616901324261543e-05,4.369641118494229e-06,3.5691870590702062e-12,79.06,89.84,FAIL,1
nsga2_20260905_221606,20260905_221606,nsga2,3.412580395267021,10.258465668278804,8.138707123322597,1.587706056456488e-05,7.469866842747526e-05,6.065362393903705e-06,5.227737710399618e-05,7.607634897220491e-06,8.120205533555246e-12,92.28,141.3,PASS,1
nsga2_20260905_221606,20260905_221606,nsga2,7.835951603359595,13.188758200606463,8.238649246568663,1.9260198752204024e-05,1.1000218230206909e-05,6.588668055360824e-07,4.91143648868418e-05,9.884464557838143e-06,4.113321212059282e-12,39.02000000000001,114.7,FAIL,1
nsga2_20260905_221606,20260905_221606,nsga2,7.835951603359595,10.590965885096027,15.39675256466955,1.9260198752204024e-05,5.0529154134394596e-05,6.708935360445944e-06,5.024642051908489e-05,8.95656896117924e-06,3.4384596005835707e-12,65.24,132.3,FAIL,1
nsga2_20260910_115119,20260910_115119,nsga2,13.102272059107632,6.125947561513536,1.7784969547876992,1.1214234857678959e-06,8.138304284826715e-05,9.171177984138355e-06,6.078158684398783e-05,7.430217329347984e-06,5.892624923188806e-12,82.74,-7.718999999999994,FAIL,1
nsga2_20260910_115119,20260910_115119,nsga2,18.766376051967598,16.501217528309112,1.0520315032328138,4.291299254640219e-05,3.6484818579547963e-06,7.431726741084468e-06,1.7812865374075134e-05,8.700199762323922e-06,5.873150982241825e-12,14.079999999999998,101.4,FAIL,1
nsga2_20260910_115119,20260910_115119,nsga2,6.694525920210311,9.03105720275551,1.5380737517637963,6.476878842028327e-06,6.716125414495493e-05,6.648300359955376e-06,6.1653895614681e-05,4.144936765487892e-06,9.974889422102898e-12,77.97,13.200000000000003,FAIL,1
nsga2_20260910_115119,20260910_115119,nsga2,19.63587143674837,14.0252977051332,13.358726249088509,3.451580250937572e-05,3.9075465970716644e-05,1.7834167977129065e-06,7.223238751734994e-05,5.490866063519396e-06,3.792176880030601e-12,41.18,129.7,FAIL,1
nsga2_20260910_115119,20260910_115119,nsga2,10.230871817803992,17.900268852631005,18.746826803168744,1.808242127644079e-05,5.728152412375716e-05,3.55775921522145e-06,5.955171301090977e-05,3.710156642317766e-06,4.524571004753451e-12,67.13,112.7,FAIL,1
nsga2_20260910_115119,20260910_115119,nsga2,12.976223669868881,17.576205965632465,18.746826803168744,5.56624230214976e-07,5.728152412375716e-05,3.600507904119195e-06,5.955171301090977e-05,7.690512586733332e-06,4.466705559302693e-12,31.96,91.88,FAIL,1
nsga2_20260910_115119,20260910_115119,nsga2,19.63587143674837,14.0252977051332,19.348288406014124,3.451580250937572e-05,3.756367157190732e-05,3.4930255583876e-06,7.223238751734994e-05,5.490866063519396e-06,3.792176880030601e-12,48.49,139.4,FAIL,1
nsga2_20260910_115119,20260910_115119,nsga2,9.945026416660218,6.125947561513536,1.3299820495954169,1.1214234857678959e-06,8.138304284826715e-05,9.35195728476753e-06,6.078158684398783e-05,7.430217329347984e-06,5.892624923188806e-12,73.76,4.799999999999997,FAIL,1
nsga2_20260910_115119,20260910_115119,nsga2,10.356920207042718,5.896216069621135,1.7784969547876992,1.9169619888784643e-05,8.138304284826715e-05,9.65225409404788e-06,6.078158684398783e-05,4.087855288839014e-06,5.950490368639593e-12,39.01,108.8,FAIL,1
nsga2_20260910_115119,20260910_115119,nsga2,10.230871817803992,17.900268852631005,12.745661535667786,1.808242127644079e-05,5.8793318522582026e-05,1.8481504701363093e-06,5.955171301090977e-05,3.710156642317766e-06,4.524571004753451e-12,84.55,61.51,FAIL,1
nsga2_20260910_115119,20260910_115119,nsga2,13.102272059107632,6.125947561513536,3.153847727535233,1.1214234857678959e-06,8.138304284826715e-05,9.171177984138355e-06,6.078158684398783e-05,7.430217329347984e-06,5.892624923188806e-12,72.48,43.08,FAIL,1
nsga2_20260910_115119,20260910_115119,nsga2,10.230871817803992,13.856268680785359,12.9098691553056,1.808242127644079e-05,5.8793318522582026e-05,3.5092291777917874e-06,5.955443885975344e-05,3.710156642317766e-06,4.499866542574611e-12,83.33,69.65,FAIL,1
nsga2_20260910_115119,20260910_115119,nsga2,10.103716437595558,14.079324883313761,13.358726249088509,3.480197451330435e-05,3.912623732110499e-05,8.847594863854766e-07,5.954574535648472e-05,5.490866063519396e-06,3.792176880030601e-12,57.22,109.6,FAIL,1
nsga2_20260910_115119,20260910_115119,nsga2,19.63587143674837,18.06929442471525,19.348288406014124,3.451580250937572e-05,3.756367157190732e-05,1.8319468589275889e-06,7.222966166850586e-05,5.7363867313535135e-06,3.816881342209441e-12,48.5,133.3,FAIL,1
nsga2_20260910_115119,20260910_115119,nsga2,19.71958578442236,17.84624120853245,12.745661535667786,1.779624925053492e-05,5.874254717219503e-05,1.8481504701363093e-06,7.223835517177458e-05,3.710156642317766e-06,4.524571004753451e-12,77.77,22.049999999999997,FAIL,1
nsga2_20260910_120246,20260910_120246,nsga2,13.102272059107632,6.125947561513536,1.7784969547876992,1.1214234857678959e-06,8.138304284826715e-05,9.171177984138355e-06,6.078158684398783e-05,7.430217329347984e-06,5.892624923188806e-12,82.74,-7.718999999999994,FAIL,1
nsga2_20260910_120246,20260910_120246,nsga2,18.766376051967598,16.501217528309112,1.0520315032328138,4.291299254640219e-05,3.6484818579547963e-06,7.431726741084468e-06,1.7812865374075134e-05,8.700199762323922e-06,5.873150982241825e-12,14.079999999999998,101.4,FAIL,1
nsga2_20260910_120246,20260910_120246,nsga2,6.694525920210311,9.03105720275551,1.5380737517637963,6.476878842028327e-06,6.716125414495493e-05,6.648300359955376e-06,6.1653895614681e-05,4.144936765487892e-06,9.974889422102898e-12,nan,nan,FAIL,1
nsga2_20260910_120246,20260910_120246,nsga2,19.63587143674837,14.0252977051332,13.358726249088509,3.451580250937572e-05,3.9075465970716644e-05,1.7834167977129065e-06,7.223238751734994e-05,5.490866063519396e-06,3.792176880030601e-12,nan,nan,FAIL,1
nsga2_20260910_120246,20260910_120246,nsga2,10.230871817803992,17.900268852631005,18.746826803168744,1.808242127644079e-05,5.728152412375716e-05,3.55775921522145e-06,5.955171301090977e-05,3.710156642317766e-06,4.524571004753451e-12,nan,nan,FAIL,1
nsga2_20260910_120246,20260910_120246,nsga2,17.915212688091053,5.315994277134215,12.840555749034806,4.475562576044525e-06,8.331462152104375e-05,7.97743392114249e-06,2.416513346639733e-05,8.826600192701686e-06,1.527112313246749e-12,nan,nan,FAIL,1
nsga2_20260910_120246,20260910_120246,nsga2,7.386224150367547,3.8553098710019422,9.556447966336453,3.987731623327852e-05,2.3295028236676618e-05,9.942023601118912e-07,4.063381843020636e-05,2.3858739228379256e-06,1.816777410572097e-12,nan,nan,FAIL,1
nsga2_20260910_120246,20260910_120246,nsga2,12.026315333750162,6.675226523559529,13.767902681170828,1.0215917565220201e-05,9.422867711749782e-05,3.9685465983258706e-06,1.0817879373151884e-05,6.476527439627237e-06,9.344390977610806e-12,nan,nan,FAIL,1
nsga2_20260910_120246,20260910_120246,nsga2,9.367165939599897,19.13721938012401,10.498020460065293,2.1433862654999053e-05,6.213528116593316e-05,9.953416799735579e-06,9.490968439129519e-05,4.870428823436413e-06,7.819559607774623e-12,nan,nan,FAIL,1
nsga2_20260910_120246,20260910_120246,nsga2,10.451031214264761,11.056931043738638,15.929928313562343,2.090839571297684e-05,7.352801210733631e-05,7.255857340902623e-06,9.32263507553538e-05,1.5918600161685993e-06,7.561136053686785e-12,nan,nan,FAIL,1
nsga2_20260910_121233,20260910_121233,nsga2,13.102272059107632,6.125947561513536,1.7784969547876992,1.1214234857678959e-06,8.138304284826715e-05,9.171177984138355e-06,6.078158684398783e-05,7.430217329347984e-06,5.892624923188806e-12,82.74,-7.718999999999994,FAIL,1
nsga2_20260910_121233,20260910_121233,nsga2,18.766376051967598,16.501217528309112,1.0520315032328138,4.291299254640219e-05,3.6484818579547963e-06,7.431726741084468e-06,1.7812865374075134e-05,8.700199762323922e-06,5.873150982241825e-12,14.079999999999998,101.4,FAIL,1
nsga2_20260910_121233,20260910_121233,nsga2,6.694525920210311,9.03105720275551,1.5380737517637963,6.476878842028327e-06,6.716125414495493e-05,6.648300359955376e-06,6.1653895614681e-05,4.144936765487892e-06,9.974889422102898e-12,77.97,13.200000000000003,FAIL,1
nsga2_20260910_121233,20260910_121233,nsga2,19.63587143674837,14.0252977051332,13.358726249088509,3.451580250937572e-05,3.9075465970716644e-05,1.7834167977129065e-06,7.223238751734994e-05,5.490866063519396e-06,3.792176880030601e-12,41.18,129.7,FAIL,1
nsga2_20260910_121233,20260910_121233,nsga2,10.230871817803992,17.900268852631005,18.746826803168744,1.808242127644079e-05,5.728152412375716e-05,3.55775921522145e-06,5.955171301090977e-05,3.710156642317766e-06,4.524571004753451e-12,67.13,112.7,FAIL,1
nsga2_20260910_121233,20260910_121233,nsga2,17.915212688091053,5.315994277134215,12.840555749034806,4.475562576044525e-06,8.331462152104375e-05,7.97743392114249e-06,2.416513346639733e-05,8.826600192701686e-06,1.527112313246749e-12,51.68,126.5,FAIL,1
nsga2_20260910_121233,20260910_121233,nsga2,7.386224150367547,3.8553098710019422,9.556447966336453,3.987731623327852e-05,2.3295028236676618e-05,9.942023601118912e-07,4.063381843020636e-05,2.3858739228379256e-06,1.816777410572097e-12,75.1,50.95,FAIL,1
nsga2_20260910_121233,20260910_121233,nsga2,12.026315333750162,6.675226523559529,13.767902681170828,1.0215917565220201e-05,9.422867711749782e-05,3.9685465983258706e-06,1.0817879373151884e-05,6.476527439627237e-06,9.344390977610806e-12,40.93,113.1,FAIL,1
nsga2_20260910_121233,20260910_121233,nsga2,9.367165939599897,19.13721938012401,10.498020460065293,2.1433862654999053e-05,6.213528116593316e-05,9.953416799735579e-06,9.490968439129519e-05,4.870428823436413e-06,7.819559607774623e-12,82.52,128.3,FAIL,1
nsga2_20260910_121233,20260910_121233,nsga2,10.451031214264761,11.056931043738638,15.929928313562343,2.090839571297684e-05,7.352801210733631e-05,7.255857340902623e-06,9.32263507553538e-05,1.5918600161685993e-06,7.561136053686785e-12,46.84,121.7,FAIL,1
nsga2_20260910_121233,20260910_121233,nsga2,10.451031214264761,6.276293085475165,15.929928313562343,2.1831947453789613e-05,7.327994447570077e-05,7.231052977511313e-06,9.32263507553538e-05,1.1156448338635444e-06,7.561136053686785e-12,43.49,149.0,FAIL,1
nsga2_20260910_121233,20260910_121233,nsga2,9.367165939599897,19.13988621753205,10.498020460065293,2.1433862654999053e-05,6.213528116593316e-05,9.726903704499425e-06,6.84661911461126e-05,4.870428823436413e-06,7.762606639789824e-12,82.46,152.5,FAIL,1
nsga2_20260910_121233,20260910_121233,nsga2,13.102272059107632,19.06855136060726,1.8071479338735283,2.2134158084258786e-05,6.111832352218546e-05,9.195979476866207e-06,9.610342433395546e-05,7.920996875703635e-06,6.294149240638834e-12,33.870000000000005,96.09,FAIL,1
nsga2_20260910_122006,20260910_122006,nsga2,13.102272059107632,6.125947561513536,1.7784969547876992,1.1214234857678959e-06,8.138304284826715e-05,9.171177984138355e-06,6.078158684398783e-05,7.430217329347984e-06,5.892624923188806e-12,82.74,-7.718999999999994,FAIL,1
nsga2_20260910_122006,20260910_122006,nsga2,18.766376051967598,16.501217528309112,1.0520315032328138,4.291299254640219e-05,3.6484818579547963e-06,7.431726741084468e-06,1.7812865374075134e-05,8.700199762323922e-06,5.873150982241825e-12,14.079999999999998,101.4,FAIL,1
nsga2_20260910_122006,20260910_122006,nsga2,6.694525920210311,9.03105720275551,1.5380737517637963,6.476878842028327e-06,6.716125414495493e-05,6.648300359955376e-06,6.1653895614681e-05,4.144936765487892e-06,9.974889422102898e-12,77.97,13.200000000000003,FAIL,1
nsga2_20260910_122006,20260910_122006,nsga2,19.63587143674837,14.0252977051332,13.358726249088509,3.451580250937572e-05,3.9075465970716644e-05,1.7834167977129065e-06,7.223238751734994e-05,5.490866063519396e-06,3.792176880030601e-12,41.18,129.7,FAIL,1
nsga2_20260910_122006,20260910_122006,nsga2,10.230871817803992,17.900268852631005,18.746826803168744,1.808242127644079e-05,5.728152412375716e-05,3.55775921522145e-06,5.955171301090977e-05,3.710156642317766e-06,4.524571004753451e-12,67.13,112.7,FAIL,1
nsga2_20260910_122006,20260910_122006,nsga2,17.915212688091053,5.315994277134215,12.840555749034806,4.475562576044525e-06,8.331462152104375e-05,7.97743392114249e-06,2.416513346639733e-05,8.826600192701686e-06,1.527112313246749e-12,51.68,126.5,FAIL,1
nsga2_20260910_122006,20260910_122006,nsga2,7.386224150367547,3.8553098710019422,9.556447966336453,3.987731623327852e-05,2.3295028236676618e-05,9.942023601118912e-07,4.063381843020636e-05,2.3858739228379256e-06,1.816777410572097e-12,75.1,50.95,FAIL,1
nsga2_20260910_122006,20260910_122006,nsga2,12.026315333750162,6.675226523559529,13.767902681170828,1.0215917565220201e-05,9.422867711749782e-05,3.9685465983258706e-06,1.0817879373151884e-05,6.476527439627237e-06,9.344390977610806e-12,40.93,113.1,FAIL,1
nsga2_20260910_122006,20260910_122006,nsga2,9.367165939599897,19.13721938012401,10.498020460065293,2.1433862654999053e-05,6.213528116593316e-05,9.953416799735579e-06,9.490968439129519e-05,4.870428823436413e-06,7.819559607774623e-12,82.52,128.3,FAIL,1
nsga2_20260910_122006,20260910_122006,nsga2,10.451031214264761,11.056931043738638,15.929928313562343,2.090839571297684e-05,7.352801210733631e-05,7.255857340902623e-06,9.32263507553538e-05,1.5918600161685993e-06,7.561136053686785e-12,46.84,121.7,FAIL,1
nsga2_20260910_122006,20260910_122006,nsga2,10.451031214264761,6.658625462880223,13.681486223501103,1.4013761106552328e-05,7.281895158482642e-05,1.1357200507397305e-06,9.768671055873286e-05,1.1156448338635444e-06,3.719164162020924e-12,45.94,112.7,FAIL,1
nsga2_20260910_122006,20260910_122006,nsga2,13.335305208227457,6.800849461177294,1.7784969547876992,2.133248842028702e-05,6.15491197484845e-05,9.859281668279258e-06,9.715310853548973e-05,7.430217329347984e-06,5.892624923188806e-12,34.66,99.4,FAIL,1
